,ua,insc,estado_civil,sit_lab_alumno,tipo_res_alumno,sit_lab_padres,estudios_padres
0,FCEQN,FCEQN-3342,1.0,NC,-1.0,-1,-1.0
1,FCEQN,FCEQN-5396,1.0,NC,-1.0,-1,-1.0
2,FCEQN,FCEQN-3162,1.0,No,1.0,3,3.0
3,FCEQN,FCEQN-5739,3.0,NC,-1.0,-1,-1.0
4,FCEQN,4683,1.0,NC,-1.0,-1,-1.0
5,FCEQN,FCEQN-5233,1.0,NC,-1.0,-1,-1.0
6,FCEQN,FCEQN-5226,1.0,NC,-1.0,-1,-1.0
7,FCEQN,FCEQN-5117,1.0,NC,-1.0,-1,-1.0
8,FCEQN,FCEQN-5630,2.0,NC,-1.0,-1,-1.0
9,FCEQN,FCEQN-5644,1.0,NC,-1.0,-1,-1.0
10,FCEQN,FCEQN-5218,1.0,NC,-1.0,-1,-1.0
11,FCEQN,FCEQN-5397,1.0,NC,-1.0,-1,-1.0
12,FCEQN,FCEQN-5546,2.0,NC,-1.0,-1,-1.0
13,FCEQN,FCEQN-5608,1.0,NC,-1.0,-1,-1.0
14,FCEQN,FCEQN-5145,1.0,NC,-1.0,-1,-1.0
15,FCEQN,FCEQN-5681,1.0,NC,-1.0,-1,-1.0
16,FCEQN,FCEQN-5641,1.0,NC,-1.0,-1,-1.0
17,FCEQN,FCEQN-5327,1.0,NC,-1.0,-1,-1.0
18,FCEQN,FCEQN-5522,1.0,NC,-1.0,-1,-1.0
19,FCEQN,FCEQN-5434,2.0,NC,-1.0,-1,-1.0
20,FCEQN,FCEQN-5457,1.0,NC,-1.0,-1,-1.0
21,FCEQN,FCEQN-5684,1.0,NC,-1.0,-1,-1.0
22,FCEQN,FCEQN-5580,1.0,No,1.0,-1,5.0
23,FCEQN,FCEQN-5165,1.0,NC,-1.0,-1,-1.0
24,FCEQN,FCEQN-5320,1.0,NC,-1.0,-1,-1.0
25,FCEQN,FCEQN-5621,1.0,NC,2.0,-1,-1.0
26,FCEQN,FCEQN-5765,1.0,No,1.0,3,4.0
27,FCEQN,FCEQN-5767,1.0,NC,-1.0,-1,-1.0
28,FCEQN,989,1.0,NC,-1.0,-1,-1.0
29,FCEQN,FCEQN-5184,2.0,NC,1.0,-1,-1.0
30,FCEQN,FCEQN-1431,1.0,NC,-1.0,-1,-1.0
31,FCEQN,FCEQN-5312,1.0,NC,-1.0,-1,-1.0
32,FCEQN,FCEQN-1056,1.0,NC,-1.0,-1,-1.0
33,FCEQN,FCEQN-5554,1.0,No,2.0,1,5.0
34,FCEQN,FCEQN-5774,1.0,No,2.0,3,1.0
35,FCEQN,FCEQN-5775,1.0,NC,-1.0,-1,-1.0
36,FCEQN,FCEQN-5708,1.0,NC,-1.0,-1,-1.0
37,FCEQN,FCEQN-5576,1.0,NC,-1.0,-1,-1.0
38,FCEQN,FCEQN-5385,1.0,NC,-1.0,-1,-1.0
39,FCEQN,FCEQN-4751,1.0,NC,-1.0,-1,-1.0
40,FCEQN,3682,1.0,NC,-1.0,-1,-1.0
41,FCEQN,FCEQN-5311,1.0,NC,-1.0,-1,-1.0
42,FCEQN,FCEQN-5144,1.0,NC,-1.0,-1,-1.0
43,FCEQN,FCEQN-5781,1.0,NC,-1.0,-1,-1.0
44,FCEQN,FCEQN-5747,1.0,NC,-1.0,-1,-1.0
45,FCEQN,FCEQN-5779,1.0,NC,-1.0,-1,-1.0
46,FCEQN,FCEQN-5290,1.0,NC,-1.0,-1,-1.0
47,FCEQN,FCEQN-5627,1.0,NC,-1.0,-1,-1.0
48,FCEQN,FCEQN-5299,1.0,NC,-1.0,-1,-1.0
49,FCEQN,FCEQN-5272,1.0,NC,-1.0,-1,-1.0
50,FCEQN,FCEQN-5365,1.0,No,1.0,3,7.0
51,FCEQN,FCEQN-5417,1.0,NC,-1.0,-1,-1.0
52,FCEQN,FCEQN-5239,1.0,No,1.0,3,7.0
53,FCEQN,FCEQN-5675,1.0,No,1.0,3,5.0
54,FCEQN,FCEQN-5190,1.0,NC,1.0,-1,-1.0
55,FCEQN,FCEQN-5567,1.0,No,1.0,1,6.0
56,FCEQN,FCEQN-5349,1.0,No,2.0,4,7.0
57,FCEQN,FCEQN-5452,1.0,NC,2.0,-1,-1.0
58,FCEQN,FCEQN-5783,1.0,NC,-1.0,-1,-1.0
59,FCEQN,FCEQN-5569,1.0,No,1.0,4,4.0
60,FCEQN,FCEQN-5364,1.0,NC,1.0,-1,-1.0
61,FCEQN,FCEQN-5157,1.0,No,1.0,1,7.0
62,FCEQN,FCEQN-5788,1.0,NC,1.0,-1,-1.0
63,FCEQN,FCEQN-1963,1.0,No,1.0,3,5.0
64,FCEQN,FCEQN-3969,1.0,NC,-1.0,1,2.0
65,FCEQN,775,1.0,Si,1.0,1,5.0
66,FCEQN,FCEQN-444,1.0,NC,1.0,-1,-1.0
67,FCEQN,FCEQN-4269,1.0,NC,-1.0,-1,-1.0
68,FCEQN,FCEQN-3384,1.0,NC,1.0,-1,-1.0
69,FCEQN,FCEQN-3005,1.0,NC,1.0,-1,-1.0
70,FCEQN,FCEQN-4340,1.0,NC,2.0,-1,-1.0
71,FCEQN,FCEQN-5789,1.0,NC,-1.0,-1,-1.0
72,FCEQN,FCEQN-5409,1.0,NC,1.0,-1,-1.0
73,FCEQN,FCEQN-5328,1.0,NC,1.0,-1,-1.0
74,FCEQN,FCEQN-5324,1.0,NC,-1.0,-1,-1.0
75,FCEQN,FCEQN-5228,1.0,NC,1.0,-1,-1.0
76,FCEQN,FCEQN-5565,1.0,No,2.0,3,3.0
77,FCEQN,FCEQN-5664,1.0,Si,1.0,5,3.0
78,FCEQN,FCEQN-5771,1.0,No,2.0,1,5.0
79,FCEQN,FCEQN-5547,1.0,NC,-1.0,-1,-1.0
80,FCEQN,FCEQN-5456,1.0,No,1.0,1,5.0
81,FCEQN,FCEQN-5170,1.0,Si,1.0,1,4.0
82,FCEQN,FCEQN-5595,1.0,Si,1.0,5,5.0
83,FCEQN,FCEQN-5287,1.0,Si,1.0,5,3.0
84,FCEQN,FCEQN-5682,1.0,No,1.0,1,5.0
85,FCEQN,FCEQN-5509,1.0,No,1.0,3,5.0
86,FCEQN,FCEQN-5132,2.0,1,1.0,4,5.0
87,FCEQN,FCEQN-5793,1.0,No,1.0,3,5.0
88,FCEQN,FCEQN-5406,1.0,NC,-1.0,-1,-1.0
89,FCEQN,FCEQN-5146,1.0,No,1.0,1,3.0
90,FCEQN,FCEQN-5163,2.0,NC,1.0,-1,-1.0
91,FCEQN,FCEQN-5790,1.0,No,1.0,3,3.0
92,FCEQN,FCEQN-5619,1.0,NC,-1.0,-1,-1.0
93,FCEQN,FCEQN-5521,1.0,NC,-1.0,-1,-1.0
94,FCEQN,FCEQN-5798,1.0,No,2.0,3,3.0
95,FCEQN,FCEQN-5343,1.0,No,1.0,1,5.0
96,FCEQN,FCEQN-5269,1.0,No,2.0,4,3.0
97,FCEQN,FCEQN-5194,1.0,No,1.0,3,5.0
98,FCEQN,FCEQN-5183,2.0,No,1.0,1,6.0
99,FCEQN,FCEQN-5506,1.0,1,3.0,1,5.0
100,FCEQN,FCEQN-5189,2.0,NC,-1.0,-1,-1.0
101,FCEQN,FCEQN-5171,1.0,NC,1.0,-1,-1.0
102,FCEQN,FCEQN-5640,1.0,No,4.0,3,7.0
103,FCEQN,FCEQN-5224,1.0,NC,1.0,-1,-1.0
104,FCEQN,FCEQN-5330,1.0,NC,1.0,-1,-1.0
105,FCEQN,FCEQN-5161,1.0,NC,1.0,-1,-1.0
106,FCEQN,FCEQN-5612,1.0,NC,2.0,-1,-1.0
107,FCEQN,FCEQN-5637,1.0,NC,1.0,-1,-1.0
108,FCEQN,FCEQN-5231,1.0,No,2.0,3,5.0
109,FCEQN,FCEQN-5408,1.0,NC,1.0,-1,-1.0
110,FCEQN,FCEQN-5494,1.0,NC,2.0,-1,-1.0
111,FCEQN,FCEQN-5799,1.0,NC,1.0,-1,-1.0
112,FCEQN,FCEQN-5325,1.0,NC,2.0,-1,-1.0
113,FCEQN,FCEQN-5449,1.0,Si,1.0,5,7.0
114,FCEQN,FCEQN-5306,1.0,1,2.0,5,7.0
115,FCEQN,FCEQN-5757,1.0,No,2.0,3,3.0
116,FCEQN,FCEQN-5718,1.0,NC,1.0,-1,-1.0
117,FCEQN,FCEQN-5428,1.0,No,2.0,4,5.0
118,FCEQN,FCEQN-5219,1.0,NC,1.0,-1,-1.0
119,FCEQN,FCEQN-5551,1.0,Si,1.0,4,3.0
120,FCEQN,FCEQN-5421,1.0,No,1.0,3,5.0
121,FCEQN,FCEQN-5720,1.0,NC,2.0,-1,-1.0
122,FCEQN,FCEQN-5618,1.0,No,1.0,4,3.0
123,FCEQN,FCEQN-5223,1.0,No,1.0,1,7.0
124,FCEQN,FCEQN-5220,1.0,NC,1.0,-1,-1.0
125,FCEQN,FCEQN-5346,1.0,No,1.0,1,5.0
126,FCEQN,FCEQN-5136,1.0,Si,3.0,3,3.0
127,FCEQN,FCEQN-5138,1.0,NC,1.0,-1,-1.0
128,FCEQN,FCEQN-5158,1.0,NC,1.0,1,3.0
129,FCEQN,FCEQN-5248,1.0,NC,1.0,3,3.0
130,FCEQN,FCEQN-5429,1.0,NC,-1.0,-1,-1.0
131,FCEQN,FCEQN-5205,1.0,NC,1.0,-1,-1.0
132,FCEQN,FCEQN-5468,1.0,NC,2.0,-1,3.0
133,FCEQN,FCEQN-5712,1.0,NC,2.0,1,5.0
134,FCEQN,FCEQN-5656,1.0,NC,2.0,-1,-1.0
135,FCEQN,FCEQN-5204,1.0,NC,-1.0,-1,-1.0
136,FCEQN,FCEQN-5115,1.0,NC,2.0,3,3.0
137,FCEQN,FCEQN-5725,1.0,NC,-1.0,-1,-1.0
138,FCEQN,FCEQN-5486,1.0,NC,-1.0,-1,-1.0
139,FCEQN,FCEQN-5135,1.0,No,1.0,3,7.0
140,FCEQN,FCEQN-5734,1.0,NC,1.0,-1,-1.0
141,FCEQN,FCEQN-5697,1.0,NC,-1.0,-1,-1.0
142,FCEQN,FCEQN-5622,1.0,NC,-1.0,-1,-1.0
143,FCEQN,FCEQN-5487,1.0,NC,-1.0,-1,-1.0
144,FCEQN,FCEQN-5336,1.0,NC,-1.0,-1,-1.0
145,FCEQN,FCEQN-5654,1.0,NC,1.0,3,5.0
146,FCEQN,FCEQN-5111,1.0,NC,-1.0,-1,-1.0
147,FCEQN,FCEQN-5802,1.0,NC,-1.0,-1,-1.0
148,FCEQN,FCEQN-5235,1.0,NC,-1.0,-1,-1.0
149,FCEQN,FCEQN-5357,1.0,NC,-1.0,-1,-1.0
150,FCEQN,FCEQN-5402,1.0,NC,1.0,-1,-1.0
151,FCEQN,FCEQN-5122,1.0,NC,-1.0,-1,-1.0
152,FCEQN,FCEQN-5113,1.0,NC,-1.0,-1,-1.0
153,FCEQN,FCEQN-5179,1.0,NC,2.0,1,5.0
154,FCEQN,FCEQN-4460,1.0,NC,-1.0,-1,-1.0
155,FCEQN,FCEQN-5606,1.0,NC,-1.0,-1,-1.0
156,FCEQN,FCEQN-5555,1.0,NC,-1.0,-1,-1.0
157,FCEQN,FCEQN-5214,1.0,NC,-1.0,-1,-1.0
158,FCEQN,FCEQN-5762,1.0,NC,-1.0,3,2.0
159,FCEQN,FCEQN-5631,1.0,NC,-1.0,1,5.0
160,FCEQN,FCEQN-5598,1.0,NC,-1.0,-1,-1.0
161,FCEQN,FCEQN-5700,1.0,NC,-1.0,-1,-1.0
162,FCEQN,FCEQN-5564,1.0,NC,-1.0,1,3.0
163,FCEQN,FCEQN-5561,1.0,NC,1.0,1,5.0
164,FCEQN,FCEQN-5359,1.0,NC,2.0,3,5.0
165,FCEQN,FCEQN-5267,1.0,NC,-1.0,-1,-1.0
166,FCEQN,FCEQN-5251,1.0,NC,2.0,3,3.0
167,FCEQN,FCEQN-5592,1.0,NC,-1.0,-1,-1.0
168,FCEQN,FCEQN-5516,1.0,NC,1.0,-1,-1.0
169,FCEQN,FCEQN-5388,1.0,NC,1.0,3,5.0
170,FCEQN,FCEQN-5293,1.0,NC,2.0,1,7.0
171,FCEQN,FCEQN-5694,1.0,NC,-1.0,-1,-1.0
172,FCEQN,FCEQN-5230,1.0,NC,-1.0,-1,-1.0
173,FCEQN,FCEQN-5147,1.0,NC,1.0,-1,-1.0
174,FCEQN,FCEQN-5335,1.0,NC,-1.0,-1,-1.0
175,FCEQN,FCEQN-5455,1.0,NC,-1.0,1,5.0
176,FCEQN,FCEQN-5483,1.0,NC,-1.0,-1,-1.0
177,FCEQN,FCEQN-5279,1.0,NC,1.0,1,5.0
178,FCEQN,FCEQN-5805,1.0,NC,-1.0,-1,-1.0
179,FCEQN,2920,1.0,NC,-1.0,3,5.0
180,FCEQN,1024,1.0,NC,-1.0,-1,-1.0
181,FCEQN,FCEQN-5724,1.0,NC,-1.0,1,5.0
182,FCEQN,FCEQN-5188,1.0,NC,1.0,1,3.0
183,FCEQN,FCEQN-5137,1.0,NC,-1.0,-1,-1.0
184,FCEQN,FCEQN-5198,1.0,NC,1.0,1,5.0
185,FCEQN,5107,1.0,NC,-1.0,-1,-1.0
186,FCEQN,FCEQN-5807,1.0,NC,1.0,1,5.0
187,FCEQN,FCEQN-5746,1.0,NC,-1.0,-1,-1.0
188,FCEQN,FCEQN-5733,1.0,NC,-1.0,-1,-1.0
189,FCEQN,FCEQN-5808,1.0,NC,-1.0,-1,-1.0
190,FCEQN,FCEQN-5129,1.0,NC,-1.0,3,5.0
191,FCEQN,FCEQN-5284,1.0,NC,2.0,1,3.0
192,FCEQN,FCEQN-5363,2.0,NC,1.0,3,3.0
193,FCEQN,FCEQN-5433,1.0,NC,-1.0,1,5.0
194,FCEQN,FCEQN-5531,1.0,NC,-1.0,3,3.0
195,FCEQN,FCEQN-3536,1.0,NC,-1.0,-1,-1.0
196,FCEQN,FCEQN-1751,1.0,NC,-1.0,3,5.0
197,FCEQN,FCEQN-758,1.0,NC,2.0,5,1.0
198,FCEQN,FCEQN-4512,1.0,NC,-1.0,-1,-1.0
199,FCEQN,FCEQN-4,1.0,NC,-1.0,-1,-1.0
200,FCEQN,FCEQN-4889,1.0,NC,-1.0,1,5.0
201,FCEQN,FCEQN-5814,1.0,NC,1.0,3,5.0
202,FCEQN,4470,1.0,NC,1.0,1,7.0
203,FCEQN,4865,1.0,NC,-1.0,3,5.0
204,FCEQN,3260,1.0,NC,-1.0,-1,-1.0
205,FCEQN,FCEQN-600,1.0,NC,-1.0,-1,-1.0
206,FCEQN,FCEQN-5686,1.0,NC,1.0,-1,-1.0
207,FCEQN,309,1.0,NC,-1.0,-1,-1.0
208,FCEQN,FCEQN-5773,1.0,NC,-1.0,1,5.0
209,FCEQN,FCEQN-5342,1.0,NC,1.0,3,5.0
210,FCEQN,FCEQN-5504,1.0,NC,1.0,3,7.0
211,FCEQN,FCEQN-5250,1.0,NC,1.0,1,5.0
212,FCEQN,FCEQN-5155,1.0,NC,-1.0,-1,-1.0
213,FCEQN,FCEQN-5232,1.0,NC,-1.0,-1,-1.0
214,FCEQN,FCEQN-5148,1.0,NC,1.0,-1,-1.0
215,FCEQN,FCEQN-5478,1.0,NC,-1.0,-1,-1.0
216,FCEQN,FCEQN-5713,1.0,NC,-1.0,-1,-1.0
217,FCEQN,FCEQN-5317,1.0,NC,-1.0,-1,-1.0
218,FCEQN,FCEQN-5458,1.0,NC,-1.0,-1,-1.0
219,FCEQN,FCEQN-5321,2.0,NC,1.0,-1,-1.0
220,FCEQN,FCEQN-5418,1.0,NC,-1.0,-1,-1.0
221,FCEQN,FCEQN-5153,1.0,NC,1.0,3,3.0
222,FCEQN,FCEQN-5469,1.0,NC,-1.0,-1,-1.0
223,FCEQN,FCEQN-5162,1.0,NC,1.0,3,5.0
224,FCEQN,FCEQN-5572,1.0,NC,-1.0,-1,-1.0
225,FCEQN,FCEQN-5215,1.0,NC,-1.0,-1,-1.0
226,FCEQN,FCEQN-5638,1.0,NC,-1.0,-1,-1.0
227,FCEQN,FCEQN-5241,1.0,NC,-1.0,-1,-1.0
228,FCEQN,FCEQN-5169,1.0,NC,-1.0,-1,-1.0
229,FCEQN,FCEQN-5355,1.0,NC,-1.0,-1,-1.0
230,FCEQN,1382,1.0,NC,-1.0,-1,-1.0
231,FCEQN,1767,1.0,NC,-1.0,1,7.0
232,FCEQN,FCEQN-731,1.0,NC,-1.0,1,7.0
233,FCEQN,FCEQN-604,1.0,NC,-1.0,1,3.0
234,FCEQN,FCEQN-888,1.0,NC,2.0,1,7.0
235,FCEQN,FCEQN-1434,1.0,NC,1.0,3,5.0
236,FCEQN,FCEQN-3657,1.0,NC,1.0,3,3.0
237,FCEQN,FCEQN-1618,1.0,NC,-1.0,1,5.0
238,FCEQN,FCEQN-2296,1.0,NC,-1.0,-1,-1.0
239,FCEQN,FCEQN-2298,1.0,NC,-1.0,-1,-1.0
240,FCEQN,FCEQN-2462,1.0,NC,-1.0,-1,-1.0
241,FCEQN,FCEQN-2615,1.0,NC,-1.0,3,3.0
242,FCEQN,FCEQN-2645,1.0,NC,-1.0,3,6.0
243,FCEQN,FCEQN-2721,1.0,NC,-1.0,-1,-1.0
244,FCEQN,FCEQN-3034,1.0,NC,-1.0,-1,-1.0
245,FCEQN,FCEQN-4195,1.0,NC,-1.0,1,7.0
246,FCEQN,FCEQN-4281,1.0,NC,-1.0,-1,-1.0
247,FCEQN,FCEQN-4956,1.0,NC,1.0,1,5.0
248,FCEQN,FCEQN-4958,1.0,NC,1.0,-1,-1.0
249,FCEQN,FCEQN-4987,1.0,NC,-1.0,-1,-1.0
250,FCEQN,FCEQN-5030,1.0,NC,-1.0,-1,-1.0
251,FCEQN,FCEQN-5768,1.0,NC,-1.0,-1,-1.0
252,FCEQN,FCEQN-5249,1.0,NC,-1.0,-1,-1.0
253,FCEQN,FCEQN-5538,1.0,NC,-1.0,-1,-1.0
254,FCEQN,FCEQN-5566,1.0,NC,-1.0,-1,-1.0
255,FCEQN,FCEQN-5444,1.0,NC,-1.0,-1,-1.0
256,FCEQN,FCEQN-5792,1.0,NC,-1.0,-1,-1.0
257,FCEQN,FCEQN-5645,1.0,NC,-1.0,-1,-1.0
258,FCEQN,FCEQN-5185,1.0,NC,-1.0,-1,-1.0
259,FCEQN,FCEQN-5459,1.0,NC,-1.0,-1,-1.0
260,FCEQN,FCEQN-5263,1.0,NC,-1.0,-1,-1.0
261,FCEQN,FCEQN-5318,1.0,NC,-1.0,-1,-1.0
262,FCEQN,FCEQN-5625,1.0,NC,-1.0,-1,-1.0
263,FCEQN,FCEQN-5431,1.0,NC,-1.0,-1,-1.0
264,FCEQN,FCEQN-1213,1.0,NC,-1.0,-1,-1.0
265,FCEQN,840,1.0,NC,-1.0,-1,-1.0
266,FCEQN,FCEQN-3074,1.0,NC,-1.0,-1,-1.0
267,FCEQN,FCEQN-2318,1.0,NC,-1.0,-1,-1.0
268,FCEQN,FCEQN-2623,1.0,NC,1.0,3,3.0
269,FCEQN,FCEQN-4455,2.0,NC,-1.0,3,3.0
270,FCEQN,FCEQN-4359,1.0,NC,-1.0,-1,-1.0
271,FCEQN,FCEQN-3460,1.0,NC,-1.0,-1,-1.0
272,FCEQN,FCEQN-4595,1.0,NC,1.0,3,3.0
273,FCEQN,FCEQN-4835,1.0,NC,-1.0,-1,-1.0
274,FCEQN,FCEQN-1681,1.0,NC,1.0,3,7.0
275,FCEQN,FCEQN-2653,1.0,NC,1.0,1,6.0
276,FCEQN,FCEQN-3667,1.0,NC,-1.0,-1,-1.0
277,FCEQN,FCEQN-1532,1.0,NC,-1.0,-1,-1.0
278,FCEQN,FCEQN-3467,1.0,NC,-1.0,-1,-1.0
279,FCEQN,FCEQN-1549,1.0,NC,-1.0,-1,-1.0
280,FCEQN,FCEQN-6432,1.0,NC,-1.0,-1,-1.0
281,FCEQN,FCEQN-4284,1.0,NC,-1.0,-1,-1.0
282,FCEQN,5204,1.0,NC,-1.0,-1,-1.0
283,FCEQN,FCEQN-1829,1.0,NC,-1.0,3,3.0
284,FCEQN,FCEQN-6101,1.0,NC,-1.0,-1,-1.0
285,FCEQN,FCEQN-6257,1.0,NC,-1.0,-1,-1.0
286,FCEQN,FCEQN-6148,1.0,NC,-1.0,-1,-1.0
287,FCEQN,FCEQN-6149,1.0,NC,1.0,-1,-1.0
288,FCEQN,FCEQN-5476,1.0,S,2.0,-1,4.0
289,FCEQN,FCEQN-5981,1.0,NC,-1.0,3,3.0
290,FCEQN,FCEQN-5926,1.0,NC,-1.0,-1,-1.0
291,FCEQN,FCEQN-6180,1.0,NC,-1.0,-1,-1.0
292,FCEQN,FCEQN-6158,1.0,NC,-1.0,-1,-1.0
293,FCEQN,FCEQN-5967,1.0,NC,-1.0,-1,-1.0
294,FCEQN,FCEQN-6046,1.0,NC,-1.0,-1,-1.0
295,FCEQN,FCEQN-6410,1.0,NC,2.0,3,4.0
296,FCEQN,FCEQN-5882,1.0,NC,-1.0,-1,-1.0
297,FCEQN,FCEQN-5911,1.0,NC,-1.0,-1,-1.0
298,FCEQN,FCEQN-6319,1.0,NC,2.0,3,4.0
299,FCEQN,FCEQN-5946,1.0,NC,1.0,1,3.0
300,FCEQN,FCEQN-6073,1.0,NC,1.0,3,5.0
301,FCEQN,FCEQN-6311,1.0,NC,-1.0,-1,-1.0
302,FCEQN,FCEQN-6061,1.0,NC,-1.0,-1,-1.0
303,FCEQN,FCEQN-5936,1.0,NC,1.0,3,3.0
304,FCEQN,FCEQN-5995,1.0,NC,-1.0,-1,-1.0
305,FCEQN,FCEQN-6107,1.0,NC,2.0,3,5.0
306,FCEQN,FCEQN-5948,1.0,NC,1.0,1,5.0
307,FCEQN,FCEQN-5877,1.0,NC,1.0,3,3.0
308,FCEQN,FCEQN-6125,1.0,NC,-1.0,-1,-1.0
309,FCEQN,FCEQN-5969,1.0,NC,1.0,3,5.0
310,FCEQN,FCEQN-6000,1.0,NC,-1.0,-1,-1.0
311,FCEQN,FCEQN-6066,1.0,NC,-1.0,-1,-1.0
312,FCEQN,FCEQN-6090,1.0,NC,-1.0,-1,-1.0
313,FCEQN,FCEQN-6268,1.0,NC,-1.0,-1,-1.0
314,FCEQN,FCEQN-941,1.0,NC,-1.0,-1,-1.0
315,FCEQN,FCEQN-5897,1.0,NC,1.0,3,5.0
316,FCEQN,FCEQN-5970,1.0,NC,2.0,1,7.0
317,FCEQN,FCEQN-5860,1.0,NC,1.0,3,3.0
318,FCEQN,FCEQN-5669,1.0,NC,-1.0,-1,-1.0
319,FCEQN,FCEQN-6071,1.0,NC,-1.0,-1,-1.0
320,FCEQN,FCEQN-6104,1.0,NC,1.0,-1,-1.0
321,FCEQN,FCEQN-5929,1.0,NC,-1.0,-1,-1.0
322,FCEQN,FCEQN-6151,1.0,NC,-1.0,-1,-1.0
323,FCEQN,FCEQN-6183,1.0,NC,1.0,3,7.0
324,FCEQN,FCEQN-6360,1.0,NC,-1.0,-1,-1.0
325,FCEQN,FCEQN-6114,1.0,NC,-1.0,-1,-1.0
326,FCEQN,FCEQN-5823,1.0,NC,1.0,3,3.0
327,FCEQN,FCEQN-6137,1.0,NC,-1.0,-1,-1.0
328,FCEQN,FCEQN-6152,1.0,NC,-1.0,-1,-1.0
329,FCEQN,FCEQN-6226,1.0,NC,-1.0,-1,-1.0
330,FCEQN,FCEQN-6169,1.0,NC,1.0,3,4.0
331,FCEQN,FCEQN-6129,1.0,NC,1.0,3,3.0
332,FCEQN,FCEQN-6366,1.0,NC,1.0,3,5.0
333,FCEQN,FCEQN-6342,1.0,NC,-1.0,-1,-1.0
334,FCEQN,5101,1.0,NC,-1.0,-1,-1.0
335,FCEQN,FCEQN-5978,1.0,NC,2.0,1,5.0
336,FCEQN,FCEQN-6199,1.0,NC,-1.0,-1,-1.0
337,FCEQN,FCEQN-6312,1.0,NC,-1.0,-1,-1.0
338,FCEQN,FCEQN-6448,1.0,NC,1.0,3,5.0
339,FCEQN,FCEQN-5982,1.0,NC,-1.0,3,5.0
340,FCEQN,FCEQN-6356,1.0,NC,-1.0,-1,-1.0
341,FCEQN,FCEQN-4628,1.0,NC,-1.0,-1,-1.0
342,FCEQN,FCEQN-5072,1.0,NC,-1.0,-1,-1.0
343,FCEQN,FCEQN-5210,1.0,NC,-1.0,-1,-1.0
344,FCEQN,FCEQN-5119,1.0,NC,1.0,-1,-1.0
345,FCEQN,FCEQN-5353,1.0,NC,-1.0,3,5.0
346,FCEQN,FCEQN-5225,1.0,NC,1.0,3,7.0
347,FCEQN,FCEQN-5427,1.0,NC,1.0,4,3.0
348,FCEQN,FCEQN-5879,1.0,NC,1.0,3,5.0
349,FCEQN,FCEQN-6284,1.0,NC,-1.0,-1,-1.0
350,FCEQN,FCEQN-6422,1.0,NC,-1.0,3,5.0
351,FCEQN,1451,1.0,NC,1.0,1,7.0
352,FCEQN,FCEQN-5833,1.0,NC,2.0,3,7.0
353,FCEQN,FCEQN-6326,1.0,NC,-1.0,-1,-1.0
354,FCEQN,FCEQN-5928,1.0,NC,1.0,1,5.0
355,FCEQN,FCEQN-5818,1.0,NC,-1.0,-1,-1.0
356,FCEQN,FCEQN-6038,1.0,NC,-1.0,-1,-1.0
357,FCEQN,FCEQN-6179,1.0,NC,1.0,3,3.0
358,FCEQN,FCEQN-6051,1.0,NC,-1.0,-1,-1.0
359,FCEQN,FCEQN-5985,1.0,NC,1.0,-1,-1.0
360,FCEQN,FCEQN-6339,1.0,NC,1.0,-1,-1.0
361,FCEQN,FCEQN-6464,1.0,NC,-1.0,-1,-1.0
362,FCEQN,FCEQN-6115,1.0,NC,1.0,-1,-1.0
363,FCEQN,FCEQN-6466,1.0,NC,-1.0,-1,-1.0
364,FCEQN,FCEQN-6420,1.0,NC,1.0,-1,-1.0
365,FCEQN,FCEQN-6223,1.0,NC,-1.0,-1,-1.0
366,FCEQN,FCEQN-6123,1.0,NC,1.0,3,5.0
367,FCEQN,FCEQN-5958,1.0,NC,-1.0,-1,-1.0
368,FCEQN,FCEQN-5853,1.0,NC,1.0,-1,-1.0
369,FCEQN,FCEQN-5852,1.0,NC,-1.0,-1,-1.0
370,FCEQN,FCEQN-6372,1.0,NC,-1.0,-1,-1.0
371,FCEQN,FCEQN-6250,1.0,NC,-1.0,-1,-1.0
372,FCEQN,FCEQN-5845,1.0,NC,1.0,-1,-1.0
373,FCEQN,FCEQN-5728,1.0,NC,1.0,-1,-1.0
374,FCEQN,FCEQN-6077,1.0,NC,-1.0,-1,-1.0
375,FCEQN,FCEQN-6235,1.0,NC,-1.0,3,5.0
376,FCEQN,FCEQN-6016,1.0,NC,-1.0,-1,-1.0
377,FCEQN,FCEQN-6064,1.0,NC,2.0,1,5.0
378,FCEQN,FCEQN-6063,1.0,NC,1.0,1,5.0
379,FCEQN,FCEQN-5840,1.0,NC,-1.0,-1,-1.0
380,FCEQN,FCEQN-6052,1.0,NC,-1.0,-1,-1.0
381,FCEQN,FCEQN-5827,1.0,NC,-1.0,3,5.0
382,FCEQN,FCEQN-5859,1.0,NC,-1.0,-1,-1.0
383,FCEQN,FCEQN-6237,1.0,NC,-1.0,-1,-1.0
384,FCEQN,FCEQN-6467,1.0,NC,1.0,-1,-1.0
385,FCEQN,FCEQN-5919,1.0,NC,-1.0,-1,-1.0
386,FCEQN,FCEQN-5965,1.0,NC,-1.0,-1,-1.0
387,FCEQN,FCEQN-5979,1.0,NC,1.0,1,5.0
388,FCEQN,FCEQN-6174,1.0,NC,-1.0,1,5.0
389,FCEQN,FCEQN-6455,1.0,NC,-1.0,-1,-1.0
390,FCEQN,FCEQN-5976,1.0,NC,-1.0,3,5.0
391,FCEQN,FCEQN-6068,1.0,NC,-1.0,-1,-1.0
392,FCEQN,FCEQN-5874,1.0,NC,-1.0,-1,-1.0
393,FCEQN,FCEQN-6207,1.0,NC,-1.0,-1,-1.0
394,FCEQN,FCEQN-6460,1.0,NC,-1.0,-1,-1.0
395,FCEQN,FCEQN-1810,1.0,NC,-1.0,-1,-1.0
396,FCEQN,FCEQN-6468,1.0,NC,-1.0,1,5.0
397,FCEQN,FCEQN-6042,1.0,NC,3.0,3,3.0
398,FCEQN,FCEQN-5925,1.0,NC,1.0,3,5.0
399,FCEQN,FCEQN-5885,1.0,NC,-1.0,3,5.0
400,FCEQN,FCEQN-6009,1.0,NC,-1.0,1,5.0
401,FCEQN,FCEQN-6469,1.0,NC,-1.0,-1,-1.0
402,FCEQN,FCEQN-6414,1.0,NC,-1.0,-1,-1.0
403,FCEQN,FCEQN-6470,1.0,NC,-1.0,-1,-1.0
404,FCEQN,FCEQN-6471,1.0,NC,2.0,3,3.0
405,FCEQN,FCEQN-6310,1.0,NC,-1.0,-1,-1.0
406,FCEQN,FCEQN-6285,1.0,NC,-1.0,-1,-1.0
407,FCEQN,FCEQN-6350,1.0,NC,2.0,1,5.0
408,FCEQN,FCEQN-6313,1.0,NC,2.0,3,5.0
409,FCEQN,FCEQN-5751,1.0,NC,1.0,3,5.0
410,FCEQN,FCEQN-5819,1.0,NC,2.0,1,5.0
411,FCEQN,FCEQN-6246,1.0,NC,-1.0,-1,-1.0
412,FCEQN,FCEQN-6472,1.0,NC,1.0,3,3.0
413,FCEQN,FCEQN-6045,1.0,NC,-1.0,-1,-1.0
414,FCEQN,FCEQN-6307,1.0,NC,-1.0,-1,-1.0
415,FCEQN,FCEQN-5973,1.0,NC,1.0,1,4.0
416,FCEQN,FCEQN-6234,1.0,NC,-1.0,-1,-1.0
417,FCEQN,FCEQN-6203,1.0,NC,1.0,3,7.0
418,FCEQN,FCEQN-6370,1.0,NC,-1.0,-1,-1.0
419,FCEQN,FCEQN-6314,1.0,NC,2.0,3,3.0
420,FCEQN,FCEQN-5974,1.0,NC,-1.0,-1,-1.0
421,FCEQN,FCEQN-6117,1.0,NC,2.0,3,5.0
422,FCEQN,FCEQN-5953,1.0,NC,1.0,3,4.0
423,FCEQN,FCEQN-6475,1.0,NC,2.0,1,7.0
424,FCEQN,FCEQN-5904,1.0,NC,2.0,1,7.0
425,FCEQN,FCEQN-5999,1.0,NC,-1.0,-1,-1.0
426,FCEQN,FCEQN-5938,1.0,NC,-1.0,-1,-1.0
427,FCEQN,FCEQN-5959,1.0,NC,1.0,1,4.0
428,FCEQN,FCEQN-6018,1.0,NC,1.0,3,3.0
429,FCEQN,FCEQN-6256,1.0,NC,-1.0,-1,-1.0
430,FCEQN,FCEQN-6056,1.0,NC,-1.0,-1,-1.0
431,FCEQN,FCEQN-5695,1.0,NC,-1.0,-1,-1.0
432,FCEQN,FCEQN-6236,1.0,NC,1.0,3,5.0
433,FCEQN,FCEQN-6231,1.0,NC,1.0,3,3.0
434,FCEQN,FCEQN-5997,1.0,NC,-1.0,-1,-1.0
435,FCEQN,FCEQN-6227,1.0,NC,-1.0,-1,-1.0
436,FCEQN,FCEQN-6100,1.0,NC,-1.0,-1,-1.0
437,FCEQN,FCEQN-6214,1.0,NC,-1.0,-1,-1.0
438,FCEQN,FCEQN-6059,1.0,NC,-1.0,-1,-1.0
439,FCEQN,FCEQN-6243,1.0,NC,1.0,3,3.0
440,FCEQN,FCEQN-5964,1.0,NC,-1.0,-1,-1.0
441,FCEQN,FCEQN-6373,1.0,NC,-1.0,-1,-1.0
442,FCEQN,FCEQN-6034,1.0,NC,-1.0,-1,-1.0
443,FCEQN,FCEQN-5939,1.0,NC,1.0,3,5.0
444,FCEQN,FCEQN-6080,1.0,NC,2.0,1,5.0
445,FCEQN,FCEQN-6039,1.0,NC,1.0,3,5.0
446,FCEQN,FCEQN-5854,1.0,NC,-1.0,-1,-1.0
447,FCEQN,FCEQN-6323,1.0,NC,-1.0,3,3.0
448,FCEQN,FCEQN-6479,1.0,NC,-1.0,-1,-1.0
449,FCEQN,FCEQN-5841,1.0,NC,-1.0,-1,-1.0
450,FCEQN,FCEQN-6476,1.0,NC,1.0,3,5.0
451,FCEQN,FCEQN-6121,1.0,NC,2.0,3,5.0
452,FCEQN,FCEQN-6029,1.0,NC,-1.0,-1,-1.0
453,FCEQN,FCEQN-5931,1.0,NC,-1.0,-1,-1.0
454,FCEQN,FCEQN-6188,1.0,NC,2.0,1,5.0
455,FCEQN,FCEQN-6379,1.0,NC,-1.0,-1,-1.0
456,FCEQN,FCEQN-6394,1.0,NC,-1.0,-1,-1.0
457,FCEQN,FCEQN-6126,1.0,NC,2.0,1,3.0
458,FCEQN,FCEQN-5820,1.0,NC,1.0,1,3.0
459,FCEQN,FCEQN-5875,1.0,NC,1.0,3,3.0
460,FCEQN,FCEQN-5881,1.0,NC,2.0,3,4.0
461,FCEQN,FCEQN-6208,1.0,NC,1.0,1,5.0
462,FCEQN,FCEQN-6181,1.0,NC,-1.0,-1,-1.0
463,FCEQN,FCEQN-5821,1.0,NC,-1.0,-1,-1.0
464,FCEQN,FCEQN-5956,1.0,NC,-1.0,-1,-1.0
465,FCEQN,FCEQN-6172,1.0,NC,1.0,1,3.0
466,FCEQN,FCEQN-6092,1.0,NC,1.0,3,5.0
467,FCEQN,FCEQN-6190,1.0,NC,2.0,1,3.0
468,FCEQN,FCEQN-6253,1.0,NC,1.0,3,3.0
469,FCEQN,FCEQN-6477,1.0,NC,1.0,3,3.0
470,FCEQN,FCEQN-5987,1.0,NC,2.0,3,3.0
471,FCEQN,FCEQN-6259,1.0,NC,1.0,-1,-1.0
472,FCEQN,FCEQN-6096,1.0,NC,1.0,3,3.0
473,FCEQN,FCEQN-5980,1.0,NC,-1.0,-1,-1.0
474,FCEQN,FCEQN-6054,1.0,NC,-1.0,-1,-1.0
475,FCEQN,FCEQN-6134,1.0,NC,-1.0,-1,-1.0
476,FCEQN,FCEQN-6075,1.0,Si,1.0,1,5.0
477,FCEQN,FCEQN-5855,1.0,NC,1.0,1,3.0
478,FCEQN,FCEQN-6085,1.0,NC,2.0,1,3.0
479,FCEQN,FCEQN-6252,1.0,NC,-1.0,-1,-1.0
480,FCEQN,FCEQN-6128,1.0,NC,1.0,-1,-1.0
481,FCEQN,FCEQN-5986,1.0,NC,1.0,3,3.0
482,FCEQN,FCEQN-6156,1.0,NC,4.0,1,3.0
483,FCEQN,FCEQN-6124,1.0,NC,-1.0,-1,-1.0
484,FCEQN,FCEQN-6161,2.0,NC,1.0,1,3.0
485,FCEQN,FCEQN-6193,1.0,NC,1.0,-1,-1.0
486,FCEQN,FCEQN-6113,1.0,NC,-1.0,-1,-1.0
487,FCEQN,FCEQN-5993,1.0,NC,2.0,-1,-1.0
488,FCEQN,FCEQN-6074,1.0,NC,1.0,-1,-1.0
489,FCEQN,FCEQN-5998,1.0,1,1.0,3,5.0
490,FCEQN,FCEQN-6072,1.0,NC,1.0,1,5.0
491,FCEQN,FCEQN-6132,1.0,NC,-1.0,-1,-1.0
492,FCEQN,FCEQN-6086,1.0,NC,1.0,1,7.0
493,FCEQN,FCEQN-6403,1.0,NC,1.0,-1,-1.0
494,FCEQN,FCEQN-5887,1.0,No,1.0,3,5.0
495,FCEQN,FCEQN-5873,1.0,NC,1.0,1,5.0
496,FCEQN,FCEQN-6084,1.0,NC,2.0,1,5.0
497,FCEQN,FCEQN-6131,1.0,NC,2.0,1,7.0
498,FCEQN,FCEQN-6025,1.0,NC,2.0,3,4.0
499,FCEQN,FCEQN-0501,1.0,NC,1.0,1,4.0
500,FCEQN,FCEQN-0502,1.0,NC,-1.0,1,5.0
501,FCEQN,FCEQN-6040,1.0,NC,2.0,1,5.0
502,FCEQN,FCEQN-6155,1.0,NC,1.0,1,5.0
503,FCEQN,FCEQN-5915,1.0,NC,-1.0,1,3.0
504,FCEQN,FCEQN-6481,1.0,NC,2.0,3,4.0
505,FCEQN,FCEQN-6176,1.0,NC,2.0,1,5.0
506,FCEQN,FCEQN-3406,1.0,NC,1.0,1,5.0
507,FCEQN,FCEQN-6486,1.0,NC,2.0,1,7.0
508,FCEQN,FCEQN-6487,1.0,NC,-1.0,1,7.0
509,FCEQN,FCEQN-6417,1.0,NC,2.0,1,5.0
510,FCEQN,FCEQN-5950,1.0,NC,1.0,3,3.0
511,FCEQN,FCEQN-5866,1.0,NC,2.0,1,7.0
512,FCEQN,FCEQN-6273,1.0,NC,1.0,3,4.0
513,FCEQN,FCEQN-6043,1.0,NC,2.0,3,3.0
514,FCEQN,FCEQN-6210,1.0,NC,2.0,3,7.0
515,FCEQN,FCEQN-6447,1.0,NC,2.0,3,5.0
516,FCEQN,FCEQN-5303,1.0,NC,2.0,1,3.0
517,FCEQN,FCEQN-5234,1.0,NC,2.0,-1,-1.0
518,FCEQN,FCEQN-4582,1.0,NC,-1.0,-1,-1.0
519,FCEQN,FCEQN-1168,1.0,NC,1.0,1,4.0
520,FCEQN,FCEQN-5930,1.0,NC,1.0,3,6.0
521,FCEQN,FCEQN-6298,1.0,NC,2.0,3,3.0
522,FCEQN,FCEQN-6488,1.0,NC,2.0,1,3.0
523,FCEQN,FCEQN-6423,1.0,NC,2.0,-1,-1.0
524,FCEQN,FCEQN-4749,1.0,NC,2.0,1,4.0
525,FCEQN,944,1.0,NC,-1.0,-1,-1.0
526,FCEQN,FCEQN-4204,1.0,NC,-1.0,1,5.0
527,FCEQN,FCEQN-4891,1.0,NC,1.0,3,3.0
528,FCEQN,5689,1.0,NC,-1.0,1,7.0
529,FCEQN,FCEQN-1992,1.0,NC,1.0,-1,-1.0
530,FCEQN,FCEQN-4192,1.0,NC,2.0,1,6.0
531,FCEQN,981,1.0,NC,1.0,-1,-1.0
532,FCEQN,FCEQN-5543,1.0,NC,2.0,-1,-1.0
533,FCEQN,FCEQN-5777,1.0,NC,1.0,3,5.0
534,FCEQN,FCEQN-5244,1.0,NC,1.0,3,5.0
535,FCEQN,FCEQN-5533,1.0,NC,1.0,3,7.0
536,FCEQN,FCEQN-2369,1.0,NC,1.0,1,5.0
537,FCEQN,FCEQN-5791,1.0,NC,2.0,3,3.0
538,FCEQN,FCEQN-5796,1.0,NC,-1.0,1,5.0
539,FCEQN,FCEQN-1283,1.0,NC,2.0,3,5.0
540,FCEQN,FCEQN-5266,1.0,NC,-1.0,-1,-1.0
541,FCEQN,FCEQN-5265,1.0,NC,-1.0,-1,-1.0
542,FCEQN,FCEQN-5131,1.0,NC,2.0,1,5.0
543,FCEQN,FCEQN-5264,1.0,NC,2.0,1,5.0
544,FCEQN,FCEQN-1665,1.0,NC,-1.0,1,5.0
545,FCEQN,FCEQN-5463,1.0,NC,-1.0,-1,-1.0
546,FCEQN,FCEQN-5525,1.0,NC,3.0,1,5.0
547,FCEQN,FCEQN-5578,1.0,NC,-1.0,1,5.0
548,FCEQN,FCEQN-5340,1.0,NC,2.0,1,5.0
549,FCEQN,FCEQN-3585,1.0,NC,-1.0,1,5.0
550,FCEQN,FCEQN-5186,1.0,NC,2.0,1,5.0
551,FCEQN,3219,1.0,NC,2.0,3,5.0
552,FCEQN,FCEQN-5182,1.0,NC,1.0,1,5.0
553,FCEQN,FCEQN-4506,1.0,NC,1.0,3,5.0
554,FCEQN,FCEQN-5257,1.0,NC,2.0,-1,-1.0
555,FCEQN,FCEQN-4851,1.0,Si,1.0,5,3.0
556,FCEQN,FCEQN-5166,1.0,Si,1.0,5,3.0
557,FCEQN,FCEQN-5472,1.0,NC,1.0,3,5.0
558,FCEQN,FCEQN-5465,1.0,NC,1.0,1,5.0
559,FCEQN,FCEQN-5419,1.0,NC,-1.0,1,5.0
560,FCEQN,FCEQN-5411,1.0,NC,1.0,3,5.0
561,FCEQN,FCEQN-5996,1.0,NC,1.0,3,3.0
562,FCEQN,FCEQN-4184,1.0,NC,1.0,3,5.0
563,FCEQN,FCEQN-6275,1.0,NC,-1.0,-1,-1.0
564,FCEQN,FCEQN-5920,1.0,NC,1.0,1,5.0
565,FCEQN,FCEQN-6028,1.0,NC,2.0,3,5.0
566,FCEQN,1687,1.0,NC,1.0,1,7.0
567,FCEQN,FCEQN-5921,1.0,NC,2.0,1,5.0
568,FCEQN,FCEQN-5868,1.0,NC,1.0,1,5.0
569,FCEQN,FCEQN-6049,1.0,NC,-1.0,-1,-1.0
570,FCEQN,FCEQN-6031,1.0,NC,1.0,1,5.0
571,FCEQN,FCEQN-6178,1.0,NC,2.0,1,3.0
572,FCEQN,FCEQN-6097,1.0,NC,1.0,3,3.0
573,FCEQN,1576,1.0,NC,2.0,1,5.0
574,FCEQN,FCEQN-5130,1.0,NC,-1.0,1,5.0
575,FCEQN,FCEQN-5282,1.0,NC,2.0,1,5.0
576,FCEQN,FCEQN-2771,1.0,NC,1.0,1,4.0
577,FCEQN,FCEQN-4463,1.0,NC,-1.0,3,5.0
578,FCEQN,FCEQN-3648,1.0,NC,-1.0,3,5.0
579,FCEQN,FCEQN-3469,1.0,NC,1.0,-1,-1.0
580,FCEQN,FCEQN-1555,1.0,NC,1.0,3,4.0
581,FCEQN,FCEQN-5245,1.0,NC,1.0,3,5.0
582,FCEQN,FCEQN-5466,1.0,NC,1.0,1,5.0
583,FCEQN,FCEQN-5319,1.0,NC,1.0,3,6.0
584,FCEQN,FCEQN-3781,1.0,NC,1.0,-1,-1.0
585,FCEQN,FCEQN-5329,1.0,NC,2.0,3,5.0
586,FCEQN,FCEQN-4206,1.0,NC,-1.0,1,5.0
587,FCEQN,FCEQN-5666,1.0,NC,1.0,3,3.0
588,FCEQN,FCEQN-2914,1.0,NC,-1.0,1,7.0
589,FCEQN,FCEQN-4988,1.0,NC,1.0,1,5.0
590,FCEQN,FCEQN-4551,1.0,NC,1.0,3,3.0
591,FCEQN,FCEQN-2443,1.0,NC,1.0,3,5.0
592,FCEQN,FCEQN-5345,1.0,NC,1.0,3,5.0
593,FCEQN,FCEQN-5277,1.0,NC,-1.0,3,5.0
594,FCEQN,FCEQN-5261,1.0,NC,-1.0,1,3.0
595,FCEQN,FCEQN-5772,1.0,NC,1.0,1,4.0
596,FCEQN,1057,1.0,NC,2.0,1,5.0
597,FCEQN,FCEQN-3511,1.0,NC,-1.0,-1,-1.0
598,FCEQN,FCEQN-5221,1.0,NC,1.0,3,5.0
599,FCEQN,FCEQN-1116,1.0,NC,2.0,1,4.0
600,FCEQN,FCEQN-2411,1.0,NC,-1.0,-1,-1.0
601,FCEQN,FCEQN-895,1.0,NC,2.0,1,5.0
602,FCEQN,FCEQN-630,1.0,NC,2.0,3,5.0
603,FCEQN,FCEQN-733,1.0,NC,2.0,3,5.0
604,FCEQN,FCEQN-3390,1.0,NC,-1.0,-1,-1.0
605,FCEQN,FCEQN-1351,1.0,NC,1.0,1,5.0
606,FCEQN,FCEQN-5392,1.0,NC,1.0,-1,-1.0
607,FCEQN,FCEQN-5623,2.0,NC,1.0,5,4.0
608,FCEQN,FCEQN-4604,1.0,NC,3.0,1,3.0
609,FCEQN,FCEQN-3529,1.0,NC,2.0,1,5.0
610,FCEQN,3428,1.0,NC,1.0,1,5.0
611,FCEQN,FCEQN-4182,1.0,NC,2.0,3,5.0
612,FCEQN,6697,1.0,NC,-1.0,1,7.0
613,FCEQN,FCEQN-5333,1.0,NC,1.0,3,5.0
614,FCEQN,FCEQN-5039,1.0,NC,2.0,1,5.0
615,FCEQN,FCEQN-5663,1.0,NC,1.0,1,4.0
616,FCEQN,FCEQN-5738,1.0,NC,2.0,1,5.0
617,FCEQN,FCEQN-5112,1.0,NC,-1.0,-1,-1.0
618,FCEQN,FCEQN-5367,1.0,NC,2.0,-1,-1.0
619,FCEQN,FCEQN-4193,1.0,NC,-1.0,-1,-1.0
620,FCEQN,5130,1.0,NC,-1.0,3,5.0
621,FCEQN,FCEQN-3682,1.0,NC,1.0,1,7.0
622,FCEQN,FCEQN-3503,1.0,NC,2.0,1,5.0
623,FCEQN,459,1.0,NC,1.0,1,7.0
624,FCEQN,1666,1.0,NC,1.0,1,3.0
625,FCEQN,FCEQN-4411,1.0,NC,2.0,1,7.0
626,FCEQN,FCEQN-3456,1.0,NC,-1.0,3,6.0
627,FCEQN,1772,1.0,NC,2.0,1,5.0
628,FCEQN,FCEQN-5628,1.0,NC,2.0,1,7.0
629,FCEQN,FCEQN-5142,1.0,NC,2.0,1,7.0
630,FCEQN,FCEQN-4832,1.0,NC,1.0,1,7.0
631,FCEQN,FCEQN-5383,1.0,NC,2.0,1,5.0
632,FCEQN,FCEQN-5286,1.0,NC,2.0,1,5.0
633,FCEQN,FCEQN-4259,1.0,NC,-1.0,-1,-1.0
634,FCEQN,FCEQN-5784,1.0,NC,3.0,3,3.0
635,FCEQN,FCEQN-2931,1.0,NC,2.0,3,5.0
636,FCEQN,FCEQN-6003,1.0,NC,1.0,3,4.0
637,FCEQN,FCEQN-5034,1.0,NC,-1.0,1,7.0
638,FCEQN,FCEQN-5010,1.0,NC,2.0,1,7.0
639,FCEQN,FCEQN-5864,1.0,NC,2.0,-1,-1.0
640,FCEQN,FCEQN-5616,1.0,NC,1.0,3,5.0
641,FCEQN,FCEQN-5268,1.0,NC,2.0,3,3.0
642,FCEQN,FCEQN-7229,1.0,NC,1.0,3,5.0
643,FCEQN,1674,1.0,NC,1.0,1,5.0
644,FCEQN,FCEQN-3438,1.0,NC,1.0,1,4.0
645,FCEQN,FCEQN-3458,1.0,NC,1.0,1,5.0
646,FCEQN,FCEQN-5015,1.0,NC,1.0,3,5.0
647,FCEQN,FCEQN-4864,1.0,NC,2.0,1,7.0
648,FCEQN,FCEQN-3534,1.0,NC,1.0,1,4.0
649,FCEQN,FCEQN-5800,1.0,NC,-1.0,-1,-1.0
650,FCEQN,5222,1.0,No,1.0,3,4.0
651,FCEQN,728,1.0,NC,2.0,1,5.0
652,FCEQN,FCEQN-6539,1.0,NC,1.0,3,5.0
653,FCEQN,FCEQN-6538,1.0,NC,2.0,1,5.0
654,FCEQN,FCEQN-7110,2.0,NC,1.0,1,5.0
655,FCEQN,FCEQN-6574,1.0,NC,2.0,3,4.0
656,FCEQN,FCEQN-6603,1.0,NC,-1.0,3,7.0
657,FCEQN,FCEQN-6106,1.0,NC,1.0,3,5.0
658,FCEQN,FCEQN-7234,1.0,NC,-1.0,1,5.0
659,FCEQN,FCEQN-6053,1.0,NC,-1.0,-1,-1.0
660,FCEQN,FCEQN-6327,1.0,NC,1.0,4,5.0
661,FCEQN,FCEQN-7049,1.0,NC,1.0,1,5.0
662,FCEQN,FCEQN-6699,1.0,NC,2.0,1,5.0
663,FCEQN,FCEQN-6969,1.0,NC,1.0,-1,-1.0
664,FCEQN,FCEQN-5949,1.0,NC,2.0,1,5.0
665,FCEQN,FCEQN-6975,2.0,NC,1.0,1,5.0
666,FCEQN,FCEQN-6533,1.0,NC,2.0,1,3.0
667,FCEQN,FCEQN-6550,1.0,NC,2.0,3,5.0
668,FCEQN,FCEQN-7237,1.0,No,2.0,3,3.0
669,FCEQN,FCEQN-7238,1.0,NC,2.0,1,7.0
670,FCEQN,FCEQN-5834,1.0,NC,1.0,-1,-1.0
671,FCEQN,FCEQN-7204,1.0,NC,1.0,-1,-1.0
672,FCEQN,FCEQN-4871,1.0,1,1.0,1,3.0
673,FCEQN,FCEQN-7052,1.0,NC,1.0,-1,-1.0
674,FCEQN,FCEQN-5903,1.0,NC,1.0,-1,-1.0
675,FCEQN,FCEQN-7236,1.0,No,1.0,3,7.0
676,FCEQN,FCEQN-2777,1.0,NC,1.0,1,7.0
677,FCEQN,FCEQN-5829,1.0,No,1.0,3,5.0
678,FCEQN,FCEQN-7016,1.0,No,1.0,1,7.0
679,FCEQN,FCEQN-6568,1.0,Si,1.0,3,5.0
680,FCEQN,FCEQN-6507,1.0,Si,1.0,1,7.0
681,FCEQN,FCEQN-6499,1.0,NC,2.0,1,4.0
682,FCEQN,FCEQN-7231,1.0,No,1.0,1,7.0
683,FCEQN,FCEQN-6618,1.0,NC,2.0,1,5.0
684,FCEQN,FCEQN-7073,1.0,NC,1.0,3,5.0
685,FCEQN,FCEQN-6700,1.0,NC,2.0,-1,-1.0
686,FCEQN,FCEQN-6023,1.0,No,1.0,3,4.0
687,FCEQN,FCEQN-6626,1.0,NC,1.0,3,5.0
688,FCEQN,FCEQN-6195,1.0,No,1.0,1,3.0
689,FCEQN,FCEQN-5471,1.0,NC,2.0,3,7.0
690,FCEQN,1527,1.0,No,2.0,1,5.0
691,FCEQN,FCEQN-6947,1.0,NC,1.0,3,3.0
692,FCEQN,FCEQN-7228,1.0,NC,2.0,1,7.0
693,FCEQN,FCEQN-1112,1.0,Si,2.0,5,5.0
694,FCEQN,FCEQN-3607,1.0,Si,1.0,5,5.0
695,FCEQN,FCEQN-6612,1.0,NC,4.0,3,3.0
696,FCEQN,FCEQN-5011,3.0,NC,4.0,-1,-1.0
697,FCEQN,FCEQN-7156,1.0,NC,1.0,-1,-1.0
698,FCEQN,FCEQN-5042,1.0,No,2.0,3,5.0
699,FCEQN,FCEQN-6775,1.0,NC,2.0,1,7.0
700,FCEQN,FCEQN-7245,1.0,NC,2.0,1,5.0
701,FCEQN,FCEQN-6719,1.0,No,1.0,3,3.0
702,FCEQN,FCEQN-6860,1.0,NO,1.0,4,3.0
703,FCEQN,FCEQN-6606,1.0,NC,2.0,3,3.0
704,FCEQN,FCEQN-6668,1.0,NC,-1.0,1,3.0
705,FCEQN,FCEQN-6927,1.0,NC,2.0,3,5.0
706,FCEQN,FCEQN-7241,1.0,NC,2.0,1,7.0
707,FCEQN,FCEQN-7240,1.0,NC,1.0,3,7.0
708,FCEQN,FCEQN-6805,1.0,NC,1.0,-1,-1.0
709,FCEQN,FCEQN-6730,1.0,NC,1.0,1,5.0
710,FCEQN,FCEQN-6838,1.0,NC,1.0,3,6.0
711,FCEQN,FCEQN-6816,2.0,NC,1.0,1,2.0
712,FCEQN,FCEQN-6569,1.0,NC,-1.0,-1,-1.0
713,FCEQN,FCEQN-6587,1.0,NC,4.0,1,5.0
714,FCEQN,FCEQN-6781,1.0,NC,-1.0,-1,-1.0
715,FCEQN,FCEQN-7028,1.0,NC,-1.0,-1,-1.0
716,FCEQN,FCEQN-6636,1.0,NC,-1.0,-1,1.0
717,FCEQN,FCEQN-6643,1.0,NC,-1.0,-1,-1.0
718,FCEQN,FCEQN-6566,1.0,NC,-1.0,-1,1.0
719,FCEQN,FCEQN-6515,1.0,NC,-1.0,-1,1.0
720,FCEQN,FCEQN-7121,1.0,NC,-1.0,-1,-1.0
721,FCEQN,FCEQN-6902,1.0,NC,-1.0,-1,-1.0
722,FCEQN,FCEQN-6663,1.0,NC,-1.0,-1,1.0
723,FCEQN,FCEQN-6680,1.0,NC,-1.0,-1,-1.0
724,FCEQN,FCEQN-7038,1.0,NC,-1.0,-1,-1.0
725,FCEQN,FCEQN-7029,1.0,NC,-1.0,-1,-1.0
726,FCEQN,FCEQN-6746,1.0,NC,-1.0,-1,-1.0
727,FCEQN,FCEQN-6518,1.0,NC,-1.0,-1,-1.0
728,FCEQN,FCEQN-6629,1.0,NC,-1.0,-1,1.0
729,FCEQN,FCEQN-6645,1.0,NC,-1.0,-1,1.0
730,FCEQN,FCEQN-6903,1.0,NC,-1.0,-1,-1.0
731,FCEQN,FCEQN-6742,1.0,NC,-1.0,-1,1.0
732,FCEQN,FCEQN-6765,1.0,NC,-1.0,-1,1.0
733,FCEQN,FCEQN-6979,1.0,NC,2.0,-1,-1.0
734,FCEQN,FCEQN-7247,1.0,NC,-1.0,-1,-1.0
735,FCEQN,FCEQN-7246,1.0,NC,-1.0,-1,1.0
736,FCEQN,FCEQN-6649,1.0,NC,-1.0,-1,1.0
737,FCEQN,FCEQN-6839,1.0,NC,-1.0,-1,-1.0
738,FCEQN,FCEQN-6683,1.0,NC,-1.0,-1,1.0
739,FCEQN,FCEQN-6802,1.0,NC,-1.0,-1,-1.0
740,FCEQN,FCEQN-6653,1.0,NC,-1.0,-1,1.0
741,FCEQN,FCEQN-6978,1.0,NC,2.0,-1,1.0
742,FCEQN,FCEQN-6787,1.0,NC,-1.0,-1,-1.0
743,FCEQN,FCEQN-6847,1.0,NC,-1.0,-1,1.0
744,FCEQN,FCEQN-6747,1.0,NC,-1.0,-1,1.0
745,FCEQN,FCEQN-7170,1.0,NC,-1.0,-1,-1.0
746,FCEQN,FCEQN-6841,1.0,NC,-1.0,-1,-1.0
747,FCEQN,FCEQN-6631,1.0,NC,-1.0,-1,-1.0
748,FCEQN,FCEQN-6997,1.0,NC,-1.0,-1,-1.0
749,FCEQN,FCEQN-6671,1.0,NC,-1.0,-1,-1.0
750,FCEQN,FCEQN-7232,1.0,NC,-1.0,-1,-1.0
751,FCEQN,FCEQN-7235,1.0,NC,-1.0,-1,-1.0
752,FCEQN,FCEQN-6918,1.0,NC,-1.0,-1,-1.0
753,FCEQN,FCEQN-7076,1.0,NC,-1.0,-1,-1.0
754,FCEQN,FCEQN-7227,1.0,NC,-1.0,-1,-1.0
755,FCEQN,FCEQN-7233,1.0,NC,-1.0,-1,1.0
756,FCEQN,FCEQN-6592,1.0,NC,-1.0,-1,1.0
757,FCEQN,FCEQN-6623,1.0,NC,-1.0,-1,1.0
758,FCEQN,FCEQN-6948,1.0,NC,-1.0,-1,1.0
759,FCEQN,FCEQN-6909,2.0,NC,-1.0,-1,1.0
760,FCEQN,FCEQN-7163,1.0,NC,-1.0,-1,1.0
761,FCEQN,FCEQN-6696,1.0,NC,-1.0,-1,-1.0
762,FCEQN,FCEQN-6573,1.0,NC,-1.0,-1,-1.0
763,FCEQN,FCEQN-2385,1.0,NC,-1.0,-1,-1.0
764,FCEQN,FCEQN-6785,1.0,NC,-1.0,-1,-1.0
765,FCEQN,FCEQN-4931,1.0,NC,-1.0,-1,1.0
766,FCEQN,FCEQN-4936,1.0,NC,-1.0,-1,1.0
767,FCEQN,FCEQN-3311,1.0,NC,-1.0,-1,-1.0
768,FCEQN,FCEQN-6496,1.0,NC,-1.0,-1,-1.0
769,FCEQN,FCEQN-6615,1.0,NC,-1.0,-1,1.0
770,FCEQN,FCEQN-6498,2.0,NC,-1.0,-1,-1.0
771,FCEQN,FCEQN-6718,1.0,NC,-1.0,-1,-1.0
772,FCEQN,FCEQN-6871,1.0,NC,-1.0,-1,-1.0
773,FCEQN,FCEQN-6641,1.0,NC,-1.0,-1,-1.0
774,FCEQN,FCEQN-6793,1.0,NC,-1.0,-1,1.0
775,FCEQN,FCEQN-7175,1.0,NC,-1.0,-1,-1.0
776,FCEQN,FCEQN-6812,1.0,NC,-1.0,-1,-1.0
777,FCEQN,FCEQN-7122,1.0,NC,-1.0,-1,-1.0
778,FCEQN,FCEQN-7097,1.0,NC,-1.0,-1,1.0
779,FCEQN,FCEQN-6769,1.0,NC,-1.0,-1,1.0
780,FCEQN,FCEQN-6986,1.0,NC,-1.0,-1,-1.0
781,FCEQN,FCEQN-6557,1.0,NC,-1.0,-1,-1.0
782,FCEQN,FCEQN-6607,1.0,NC,-1.0,-1,-1.0
783,FCEQN,FCEQN-7250,1.0,NC,-1.0,-1,-1.0
784,FCEQN,FCEQN-6715,1.0,NC,-1.0,-1,-1.0
785,FCEQN,FCEQN-6879,1.0,NC,-1.0,-1,-1.0
786,FCEQN,FCEQN-6586,1.0,NC,-1.0,-1,-1.0
787,FCEQN,FCEQN-7159,1.0,NC,-1.0,-1,-1.0
788,FCEQN,FCEQN-6494,1.0,NC,-1.0,-1,-1.0
789,FCEQN,FCEQN-6735,1.0,NC,-1.0,-1,-1.0
790,FCEQN,FCEQN-6666,1.0,NC,-1.0,-1,-1.0
791,FCEQN,FCEQN-7167,1.0,NC,-1.0,-1,1.0
792,FCEQN,FCEQN-6591,1.0,NC,-1.0,-1,1.0
793,FCEQN,FCEQN-6540,1.0,NC,-1.0,-1,-1.0
794,FCEQN,FCEQN-7222,1.0,NC,-1.0,-1,1.0
795,FCEQN,FCEQN-6919,1.0,NC,-1.0,-1,-1.0
796,FCEQN,FCEQN-6953,1.0,NC,-1.0,-1,1.0
797,FCEQN,FCEQN-6766,1.0,NC,-1.0,-1,-1.0
798,FCEQN,FCEQN-6865,1.0,NC,-1.0,-1,-1.0
799,FCEQN,FCEQN-6006,1.0,NC,-1.0,-1,-1.0
800,FCEQN,FCEQN-7171,1.0,NC,-1.0,-1,1.0
801,FCEQN,FCEQN-6690,1.0,NC,-1.0,-1,-1.0
802,FCEQN,FCEQN-5918,1.0,NC,-1.0,-1,1.0
803,FCEQN,FCEQN-6595,1.0,NC,2.0,-1,1.0
804,FCEQN,FCEQN-6971,1.0,NC,-1.0,-1,1.0
805,FCEQN,FCEQN-6815,1.0,NC,-1.0,-1,1.0
806,FCEQN,FCEQN-6564,1.0,NC,-1.0,-1,-1.0
807,FCEQN,FCEQN-7127,1.0,NC,-1.0,-1,-1.0
808,FCEQN,FCEQN-6943,1.0,NC,-1.0,-1,1.0
809,FCEQN,FCEQN-6736,1.0,NC,-1.0,-1,1.0
810,FCEQN,FCEQN-6697,1.0,NC,-1.0,-1,-1.0
811,FCEQN,FCEQN-6737,1.0,NC,-1.0,-1,1.0
812,FCEQN,FCEQN-6866,1.0,NC,-1.0,-1,-1.0
813,FCEQN,FCEQN-6912,1.0,NC,-1.0,-1,-1.0
814,FCEQN,FCEQN-6749,1.0,NC,-1.0,-1,1.0
815,FCEQN,FCEQN-7055,1.0,NC,-1.0,-1,1.0
816,FCEQN,FCEQN-7154,1.0,NC,-1.0,-1,1.0
817,FCEQN,FCEQN-6991,1.0,NC,-1.0,-1,-1.0
818,FCEQN,FCEQN-6652,1.0,NC,4.0,3,5.0
819,FCEQN,FCEQN-6528,1.0,NC,2.0,-1,1.0
820,FCEQN,FCEQN-6553,1.0,NC,-1.0,-1,-1.0
821,FCEQN,FCEQN-6685,1.0,NC,-1.0,-1,-1.0
822,FCEQN,FCEQN-6497,1.0,NC,-1.0,-1,1.0
823,FCEQN,FCEQN-6534,1.0,NC,-1.0,-1,-1.0
824,FCEQN,FCEQN-6288,1.0,NC,-1.0,-1,1.0
825,FCEQN,FCEQN-6676,2.0,NC,-1.0,-1,1.0
826,FCEQN,FCEQN-6724,1.0,NC,-1.0,-1,-1.0
827,FCEQN,FCEQN-6893,1.0,NC,-1.0,-1,-1.0
828,FCEQN,FCEQN-6796,1.0,NC,-1.0,-1,1.0
829,FCEQN,FCEQN-6942,1.0,NC,-1.0,-1,-1.0
830,FCEQN,FCEQN-6616,1.0,NC,-1.0,-1,1.0
831,FCEQN,FCEQN-6482,1.0,NC,-1.0,-1,1.0
832,FCEQN,FCEQN-6624,1.0,NC,-1.0,-1,-1.0
833,FCEQN,FCEQN-6583,1.0,NC,-1.0,-1,1.0
834,FCEQN,FCEQN-6710,1.0,NC,-1.0,-1,-1.0
835,FCEQN,FCEQN-7005,1.0,NC,-1.0,-1,-1.0
836,FCEQN,FCEQN-6734,1.0,NC,-1.0,-1,-1.0
837,FCEQN,FCEQN-6567,1.0,NC,-1.0,-1,-1.0
838,FCEQN,FCEQN-6851,1.0,NC,-1.0,-1,-1.0
839,FCEQN,FCEQN-7118,1.0,NC,-1.0,-1,-1.0
840,FCEQN,FCEQN-6784,1.0,NC,-1.0,-1,-1.0
841,FCEQN,FCEQN-5972,1.0,NC,-1.0,-1,-1.0
842,FCEQN,FCEQN-6764,1.0,NC,-1.0,-1,1.0
843,FCEQN,FCEQN-7024,1.0,NC,-1.0,-1,1.0
844,FCEQN,FCEQN-7252,1.0,NC,-1.0,-1,1.0
845,FCEQN,FCEQN-6803,1.0,NC,-1.0,-1,-1.0
846,FCEQN,FCEQN-7017,1.0,NC,-1.0,-1,-1.0
847,FCEQN,FCEQN-6579,1.0,NC,-1.0,-1,-1.0
848,FCEQN,FCEQN-7010,1.0,NC,-1.0,4,4.0
849,FCEQN,FCEQN-6849,1.0,NC,-1.0,-1,1.0
850,FCEQN,FCEQN-7253,1.0,NC,-1.0,-1,-1.0
851,FCEQN,FCEQN-6798,1.0,NC,-1.0,-1,-1.0
852,FCEQN,FCEQN-6695,1.0,NC,-1.0,-1,-1.0
853,FCEQN,FCEQN-7254,1.0,NC,-1.0,-1,-1.0
854,FCEQN,FCEQN-6932,1.0,NC,-1.0,-1,1.0
855,FCEQN,FCEQN-7255,1.0,NC,-1.0,-1,-1.0
856,FCEQN,FCEQN-7041,1.0,NC,-1.0,-1,1.0
857,FCEQN,FCEQN-6770,1.0,NC,-1.0,-1,-1.0
858,FCEQN,FCEQN-6654,1.0,NC,-1.0,-1,-1.0
859,FCEQN,FCEQN-6619,1.0,NC,-1.0,-1,-1.0
860,FCEQN,FCEQN-6876,1.0,NC,-1.0,-1,-1.0
861,FCEQN,FCEQN-6931,1.0,NC,-1.0,-1,1.0
862,FCEQN,FCEQN-6729,1.0,NC,-1.0,-1,-1.0
863,FCEQN,FCEQN-6824,6.0,NC,-1.0,-1,1.0
864,FCEQN,FCEQN-6609,1.0,NC,-1.0,-1,-1.0
865,FCEQN,FCEQN-6657,1.0,NC,-1.0,-1,-1.0
866,FCEQN,FCEQN-7174,1.0,NC,-1.0,-1,-1.0
867,FCEQN,FCEQN-6602,1.0,NC,-1.0,-1,1.0
868,FCEQN,FCEQN-6173,1.0,NC,-1.0,-1,-1.0
869,FCEQN,FCEQN-6911,1.0,NC,-1.0,-1,-1.0
870,FCEQN,FCEQN-7256,1.0,NC,-1.0,-1,1.0
871,FCEQN,FCEQN-6705,1.0,NC,-1.0,-1,-1.0
872,FCEQN,FCEQN-7031,1.0,NC,-1.0,-1,-1.0
873,FCEQN,FCEQN-6511,1.0,NC,-1.0,-1,1.0
874,FCEQN,FCEQN-6245,1.0,NC,4.0,-1,-1.0
875,FCEQN,FCEQN-7213,1.0,NC,-1.0,4,5.0
876,FCEQN,FCEQN-6516,1.0,NC,-1.0,-1,-1.0
877,FCEQN,FCEQN-7113,1.0,NC,-1.0,-1,1.0
878,FCEQN,FCEQN-6890,1.0,NC,-1.0,-1,1.0
879,FCEQN,FCEQN-6939,1.0,NC,-1.0,-1,1.0
880,FCEQN,FCEQN-6673,1.0,NC,-1.0,-1,-1.0
881,FCEQN,FCEQN-6780,1.0,NC,-1.0,-1,-1.0
882,FCEQN,FCEQN-7143,1.0,NC,-1.0,4,1.0
883,FCEQN,FCEQN-6958,1.0,NC,-1.0,-1,-1.0
884,FCEQN,FCEQN-6955,1.0,NC,-1.0,-1,-1.0
885,FCEQN,FCEQN-6687,1.0,NC,-1.0,-1,1.0
886,FCEQN,FCEQN-6717,1.0,NC,-1.0,-1,-1.0
887,FCEQN,FCEQN-6961,1.0,NC,-1.0,-1,-1.0
888,FCEQN,FCEQN-6620,1.0,NC,-1.0,4,2.0
889,FCEQN,FCEQN-5878,1.0,NC,-1.0,-1,-1.0
890,FCEQN,FCEQN-6501,1.0,NC,-1.0,-1,-1.0
891,FCEQN,FCEQN-6810,1.0,NC,-1.0,-1,1.0
892,FCEQN,FCEQN-4371,1.0,NC,-1.0,-1,-1.0
893,FCEQN,FCEQN-7259,1.0,NC,-1.0,-1,-1.0
894,FCEQN,FCEQN-6814,1.0,NC,-1.0,-1,1.0
895,FCEQN,FCEQN-4994,1.0,NC,-1.0,-1,1.0
896,FCEQN,FCEQN-6682,1.0,NC,-1.0,-1,-1.0
897,FCEQN,FCEQN-6844,1.0,NC,-1.0,-1,1.0
898,FCEQN,FCEQN-6852,1.0,NC,-1.0,-1,-1.0
899,FCEQN,FCEQN-6881,1.0,NC,-1.0,-1,-1.0
900,FCEQN,FCEQN-6776,1.0,NC,-1.0,-1,1.0
901,FCEQN,FCEQN-6861,1.0,NC,-1.0,-1,-1.0
902,FCEQN,FCEQN-7178,1.0,NC,-1.0,-1,-1.0
903,FCEQN,FCEQN-6862,1.0,NC,-1.0,-1,1.0
904,FCEQN,FCEQN-7032,1.0,NC,-1.0,-1,1.0
905,FCEQN,FCEQN-6675,1.0,NC,-1.0,-1,-1.0
906,FCEQN,FCEQN-6565,1.0,NC,-1.0,-1,1.0
907,FCEQN,FCEQN-7148,1.0,NC,1.0,-1,1.0
908,FCEQN,FCEQN-6973,1.0,NC,-1.0,4,2.0
909,FCEQN,FCEQN-6850,1.0,NC,-1.0,-1,-1.0
910,FCEQN,FCEQN-6864,1.0,NC,-1.0,-1,1.0
911,FCEQN,FCEQN-7220,1.0,NC,-1.0,-1,-1.0
912,FCEQN,FCEQN-7114,1.0,NC,-1.0,-1,-1.0
913,FCEQN,FCEQN-4242,1.0,NC,-1.0,-1,-1.0
914,FCEQN,FCEQN-6845,1.0,NC,-1.0,-1,-1.0
915,FCEQN,FCEQN-6833,1.0,NC,-1.0,-1,1.0
916,FCEQN,FCEQN-7081,1.0,NC,-1.0,-1,-1.0
917,FCEQN,FCEQN-6570,1.0,NC,-1.0,-1,1.0
918,FCEQN,FCEQN-6604,1.0,NC,-1.0,-1,-1.0
919,FCEQN,FCEQN-6937,1.0,NC,-1.0,-1,-1.0
920,FCEQN,FCEQN-6797,1.0,NC,-1.0,-1,-1.0
921,FCEQN,FCEQN-7008,1.0,NC,-1.0,-1,-1.0
922,FCEQN,FCEQN-7155,1.0,NC,-1.0,-1,1.0
923,FCEQN,FCEQN-6856,1.0,NC,-1.0,-1,-1.0
924,FCEQN,FCEQN-6714,1.0,NC,-1.0,-1,-1.0
925,FCEQN,FCEQN-6580,1.0,NC,-1.0,-1,-1.0
926,FCEQN,FCEQN-6597,1.0,NC,-1.0,-1,-1.0
927,FCEQN,FCEQN-7179,1.0,NC,-1.0,-1,-1.0
928,FCEQN,FCEQN-6763,1.0,NC,1.0,-1,-1.0
929,FCEQN,FCEQN-6635,1.0,NC,-1.0,-1,1.0
930,FCEQN,FCEQN-6594,1.0,NC,-1.0,-1,-1.0
931,FCEQN,FCEQN-7069,1.0,NC,-1.0,-1,-1.0
932,FCEQN,FCEQN-6778,1.0,NC,-1.0,-1,1.0
933,FCEQN,FCEQN-6706,1.0,NC,1.0,-1,-1.0
934,FCEQN,FCEQN-6767,1.0,NC,-1.0,-1,1.0
935,FCEQN,FCEQN-6521,1.0,NC,-1.0,-1,-1.0
936,FCEQN,FCEQN-7164,1.0,NC,-1.0,-1,-1.0
937,FCEQN,FCEQN-6985,1.0,NC,-1.0,-1,-1.0
938,FCEQN,FCEQN-7061,1.0,NC,-1.0,-1,5.0
939,FCEQN,FCEQN-7060,1.0,NC,-1.0,-1,1.0
940,FCEQN,FCEQN-6795,1.0,NC,-1.0,-1,-1.0
941,FCEQN,FCEQN-7080,1.0,NC,-1.0,-1,-1.0
942,FCEQN,FCEQN-7040,1.0,NC,-1.0,-1,-1.0
943,FCEQN,FCEQN-7215,1.0,NC,-1.0,-1,1.0
944,FCEQN,FCEQN-6508,1.0,NC,-1.0,-1,-1.0
945,FCEQN,FCEQN-6930,6.0,NC,-1.0,-1,1.0
946,FCEQN,FCEQN-6828,1.0,NC,-1.0,-1,1.0
947,FCEQN,FCEQN-6790,1.0,NC,-1.0,-1,-1.0
948,FCEQN,FCEQN-6837,1.0,NC,-1.0,-1,1.0
949,FCEQN,FCEQN-6661,1.0,NC,-1.0,-1,-1.0
950,FCEQN,FCEQN-6949,1.0,NC,-1.0,-1,-1.0
951,FCEQN,FCEQN-6789,1.0,NC,-1.0,-1,1.0
952,FCEQN,FCEQN-6725,2.0,NC,-1.0,-1,-1.0
953,FCEQN,FCEQN-6897,1.0,NC,-1.0,-1,1.0
954,FCEQN,FCEQN-6510,1.0,NC,-1.0,-1,-1.0
955,FCEQN,FCEQN-7262,1.0,NC,-1.0,-1,-1.0
956,FCEQN,FCEQN-7051,1.0,NC,-1.0,-1,-1.0
957,FCEQN,FCEQN-6613,1.0,NC,-1.0,-1,-1.0
958,FCEQN,FCEQN-7158,1.0,NC,-1.0,-1,-1.0
959,FCEQN,FCEQN-6992,1.0,NC,-1.0,-1,-1.0
960,FCEQN,FCEQN-7263,1.0,NC,-1.0,-1,-1.0
961,FCEQN,FCEQN-6972,1.0,NC,-1.0,-1,-1.0
962,FCEQN,FCEQN-6993,1.0,NC,-1.0,-1,-1.0
963,FCEQN,FCEQN-7142,1.0,NC,-1.0,-1,-1.0
964,FCEQN,FCEQN-6679,1.0,NC,-1.0,-1,-1.0
965,FCEQN,FCEQN-6732,1.0,NC,-1.0,-1,-1.0
966,FCEQN,FCEQN-6885,1.0,NC,-1.0,-1,-1.0
967,FCEQN,FCEQN-6681,1.0,NC,-1.0,4,5.0
968,FCEQN,FCEQN-6995,1.0,NC,-1.0,3,5.0
969,FCEQN,FCEQN-6596,1.0,NC,-1.0,-1,1.0
970,FCEQN,FCEQN-6987,1.0,NC,-1.0,-1,1.0
971,FCEQN,FCEQN-6740,1.0,NC,-1.0,-1,-1.0
972,FCEQN,FCEQN-6632,1.0,NC,-1.0,-1,-1.0
973,FCEQN,FCEQN-7119,1.0,NC,-1.0,-1,-1.0
974,FCEQN,FCEQN-7173,1.0,NC,-1.0,-1,1.0
975,FCEQN,FCEQN-6840,1.0,NC,-1.0,-1,1.0
976,FCEQN,FCEQN-6772,1.0,NC,-1.0,-1,1.0
977,FCEQN,FCEQN-6801,1.0,NC,-1.0,-1,-1.0
978,FCEQN,FCEQN-6145,1.0,NC,-1.0,-1,-1.0
979,FCEQN,FCEQN-7126,1.0,NC,-1.0,4,3.0
980,FCEQN,FCEQN-6634,1.0,NC,-1.0,-1,-1.0
981,FCEQN,FCEQN-6977,1.0,NC,-1.0,4,3.0
982,FCEQN,FCEQN-6744,1.0,NC,-1.0,-1,-1.0
983,FCEQN,FCEQN-7217,1.0,NC,-1.0,-1,1.0
984,FCEQN,FCEQN-3777,1.0,NC,-1.0,-1,-1.0
985,FCEQN,FCEQN-6547,1.0,NC,-1.0,4,5.0
986,FCEQN,FCEQN-5420,1.0,NC,-1.0,4,5.0
987,FCEQN,FCEQN-5195,1.0,NC,-1.0,4,5.0
988,FCEQN,FCEQN-5332,1.0,NC,-1.0,-1,1.0
989,FCEQN,FCEQN-5542,1.0,NC,-1.0,-1,-1.0
990,FCEQN,FCEQN-5178,1.0,NC,-1.0,-1,-1.0
991,FCEQN,FCEQN-5556,2.0,NC,1.0,3,5.0
992,FCEQN,FCEQN-5647,1.0,NC,-1.0,1,5.0
993,FCEQN,FCEQN-5660,1.0,NC,-1.0,-1,1.0
994,FCEQN,FCEQN-5741,1.0,NC,-1.0,-1,-1.0
995,FCEQN,FCEQN-1294,1.0,NC,-1.0,-1,7.0
996,FCEQN,FCEQN-1367,1.0,NC,-1.0,-1,-1.0
997,FCEQN,FCEQN-5467,1.0,NC,-1.0,-1,-1.0
998,FCEQN,FCEQN-5498,1.0,NC,-1.0,-1,-1.0
999,FCEQN,FCEQN-5679,1.0,NC,-1.0,-1,-1.0
1000,FCEQN,FCEQN-5193,1.0,NC,-1.0,4,3.0
1001,FCEQN,FCEQN-5199,1.0,NC,-1.0,-1,-1.0
1002,FCEQN,FCEQN-5424,1.0,NC,-1.0,4,5.0
1003,FCEQN,FCEQN-5489,1.0,NC,-1.0,4,5.0
1004,FCEQN,FCEQN-5536,1.0,NC,-1.0,-1,-1.0
1005,FCEQN,FCEQN-5717,1.0,NC,-1.0,4,4.0
1006,FCEQN,FCEQN-5058,1.0,NC,-1.0,4,3.0
1007,FCEQN,FCEQN-5658,1.0,NC,3.0,-1,2.0
1008,FCEQN,FCEQN-5703,1.0,NC,-1.0,4,3.0
1009,FCEQN,4996,1.0,NC,-1.0,4,3.0
1010,FCEQN,FCEQN-5812,1.0,NC,-1.0,-1,-1.0
1011,FCEQN,FCEQN-2270,2.0,NC,-1.0,4,5.0
1012,FCEQN,FCEQN-877,1.0,NC,-1.0,-1,-1.0
1013,FCEQN,FCEQN-5416,1.0,NC,-1.0,-1,-1.0
1014,FCEQN,FCEQN-2546,1.0,NC,2.0,4,3.0
1015,FCEQN,FCEQN-5168,1.0,NC,-1.0,-1,-1.0
1016,FCEQN,FCEQN-5334,1.0,NC,-1.0,-1,-1.0
1017,FCEQN,FCEQN-5412,1.0,NC,-1.0,4,4.0
1018,FCEQN,FCEQN-5635,1.0,NC,-1.0,-1,-1.0
1019,FCEQN,FCEQN-5609,1.0,NC,-1.0,-1,-1.0
1020,FCEQN,FCEQN-5603,1.0,NC,-1.0,-1,-1.0
1021,FCEQN,FCEQN-5719,1.0,NC,-1.0,-1,-1.0
1022,FCEQN,5863,1.0,NC,-1.0,4,3.0
1023,FCEQN,FCEQN-5352,1.0,NC,-1.0,4,4.0
1024,FCEQN,FCEQN-5688,1.0,NC,-1.0,4,5.0
1025,FCEQN,FCEQN-5723,1.0,NC,-1.0,-1,1.0
1026,FCEQN,FCEQN-5152,1.0,NC,-1.0,-1,-1.0
1027,FCEQN,FCEQN-5722,1.0,NC,-1.0,-1,-1.0
1028,FCEQN,FCEQN-5559,1.0,NC,-1.0,-1,-1.0
1029,FCEQN,FCEQN-5742,1.0,NC,-1.0,-1,-1.0
1030,FCEQN,FCEQN-5704,1.0,NC,-1.0,-1,-1.0
1031,FCEQN,FCEQN-5705,1.0,NC,-1.0,-1,-1.0
1032,FCEQN,FCEQN-5211,1.0,NC,-1.0,-1,1.0
1033,FCEQN,FCEQN-5518,1.0,NC,-1.0,-1,1.0
1034,FCEQN,FCEQN-5782,1.0,NC,-1.0,-1,-1.0
1035,FCEQN,FCEQN-5305,2.0,NC,-1.0,4,7.0
1036,FCEQN,FCEQN-5593,1.0,NC,-1.0,4,2.0
1037,FCEQN,FCEQN-826,1.0,NC,-1.0,-1,1.0
1038,FCEQN,5003,1.0,NC,-1.0,4,5.0
1039,FCEQN,1764,1.0,NC,-1.0,-1,-1.0
1040,FCEQN,FCEQN-7268,1.0,NC,-1.0,-1,-1.0
1041,FCEQN,FCEQN-7269,1.0,NC,-1.0,-1,1.0
1042,FCEQN,FCEQN-1363,1.0,NC,-1.0,4,3.0
1043,FCEQN,FCEQN-1173,1.0,NC,-1.0,-1,-1.0
1044,FCEQN,FCEQN-7270,1.0,NC,-1.0,-1,1.0
1045,FCEQN,FCEQN-7272,1.0,NC,-1.0,-1,-1.0
1046,FCEQN,5606,1.0,NC,-1.0,3,4.0
1047,FCEQN,FCEQN-5778,1.0,NC,-1.0,3,5.0
1048,FCEQN,1711,1.0,NC,4.0,-1,-1.0
1049,FCEQN,FCEQN-5172,1.0,NC,-1.0,-1,-1.0
1050,FCEQN,FCEQN-4621,1.0,NC,-1.0,-1,1.0
1051,FCEQN,FCEQN-5339,1.0,NC,-1.0,-1,1.0
1052,FCEQN,FCEQN-5701,1.0,No,4.0,3,5.0
1053,FCEQN,FCEQN-4275,1.0,NC,-1.0,4,5.0
1054,FCEQN,FCEQN-5348,1.0,NC,-1.0,4,3.0
1055,FCEQN,FCEQN-4682,1.0,NC,-1.0,-1,1.0
1056,FCEQN,FCEQN-7274,1.0,NC,4.0,-1,-1.0
1057,FCEQN,FCEQN-5776,1.0,NC,-1.0,-1,-1.0
1058,FCEQN,FCEQN-7276,1.0,NC,-1.0,-1,7.0
1059,FCEQN,FCEQN-6320,1.0,No,4.0,4,5.0
1060,FCEQN,FCEQN-2941,1.0,NC,4.0,4,3.0
1061,FCEQN,5060,1.0,NC,-1.0,-1,-1.0
1062,FCEQN,FCEQN-7279,1.0,NC,-1.0,-1,1.0
1063,FCEQN,1488,1.0,NC,1.0,1,4.0
1064,FCEQN,FCEQN-3684,1.0,NC,-1.0,-1,1.0
1065,FCEQN,FCEQN-8109,1.0,Si,4.0,4,5.0
1066,FCEQN,FCEQN-8110,1.0,NC,-1.0,-1,1.0
1067,FCEQN,FCEQN-7021,1.0,NC,1.0,3,3.0
1068,FCEQN,FCEQN-8115,1.0,NC,4.0,-1,1.0
1069,FCEQN,1568,1.0,NC,-1.0,4,3.0
1070,FCEQN,FCEQN-6418,1.0,NC,-1.0,-1,-1.0
1071,FCEQN,FCEQN-4446,1.0,NC,-1.0,3,4.0
1072,FCEQN,FCEQN-8120,1.0,NC,-1.0,1,5.0
1073,FCEQN,FCEQN-4497,1.0,NC,4.0,4,3.0
1074,FCEQN,FCEQN-6585,2.0,NC,1.0,-1,-1.0
1075,FCEQN,FCEQN-3379,1.0,NC,2.0,-1,1.0
1076,FCEQN,FCEQN-1605,1.0,NC,-1.0,-1,1.0
1077,FCEQN,FCEQN-6572,1.0,NC,-1.0,-1,1.0
1078,FCEQN,FCEQN-6777,1.0,NC,-1.0,-1,1.0
1079,FCEQN,FCEQN-6050,1.0,No,4.0,3,3.0
1080,FCEQN,FCEQN-7427,1.0,NC,-1.0,4,1.0
1081,FCEQN,FCEQN-8121,1.0,NC,-1.0,-1,1.0
1082,FCEQN,FCEQN-8122,1.0,NC,-1.0,3,3.0
1083,FCEQN,FCEQN-4803,1.0,NC,-1.0,4,5.0
1084,FCEQN,FCEQN-4120,1.0,NC,-1.0,-1,1.0
1085,FCEQN,FCEQN-5847,1.0,NC,1.0,-1,-1.0
1086,FCEQN,FCEQN-8123,1.0,NC,-1.0,4,5.0
1087,FCEQN,FCEQN-7026,1.0,NC,-1.0,-1,1.0
1088,FCEQN,FCEQN-7048,1.0,NC,-1.0,-1,1.0
1089,FCEQN,FCEQN-6870,1.0,NC,-1.0,-1,1.0
1090,FCEQN,FCEQN-337,1.0,NC,-1.0,4,5.0
1091,FCEQN,FCEQN-6738,1.0,NC,-1.0,4,3.0
1092,FCEQN,FCEQN-4906,1.0,NC,-1.0,-1,1.0
1093,FCEQN,FCEQN-8125,1.0,NC,-1.0,-1,1.0
1094,FCEQN,FCEQN-4916,1.0,NC,-1.0,4,3.0
1095,FCEQN,FCEQN-1758,1.0,NC,4.0,1,4.0
1096,FCEQN,FCEQN-8000,1.0,NC,-1.0,-1,1.0
1097,FCEQN,FCEQN-8127,1.0,NC,-1.0,-1,1.0
1098,FCEQN,3365,1.0,NC,-1.0,-1,1.0
1099,FCEQN,FCEQN-8128,1.0,NC,-1.0,-1,1.0
1100,FCEQN,FCEQN-7265,1.0,NC,1.0,-1,1.0
1101,FCEQN,FCEQN-7125,1.0,NC,-1.0,-1,1.0
1102,FCEQN,FCEQN-8130,1.0,NC,-1.0,-1,1.0
1103,FCEQN,FCEQN-7746,1.0,NC,4.0,4,5.0
1104,FCEQN,FCEQN-7793,1.0,NC,-1.0,-1,1.0
1105,FCEQN,FCEQN-7792,1.0,NC,-1.0,4,5.0
1106,FCEQN,FCEQN-7335,1.0,NC,4.0,1,3.0
1107,FCEQN,FCEQN-8132,1.0,NC,2.0,-1,1.0
1108,FCEQN,FCEQN-8131,1.0,NC,2.0,4,4.0
1109,FCEQN,FCEQN-8133,1.0,NC,-1.0,-1,7.0
1110,FCEQN,FCEQN-8074,1.0,NC,-1.0,3,7.0
1111,FCEQN,FCEQN-5838,1.0,NC,-1.0,4,3.0
1112,FCEQN,FCEQN-8097,1.0,NC,-1.0,1,5.0
1113,FCEQN,FCEQN-7803,1.0,NC,-1.0,-1,1.0
1114,FCEQN,FCEQN-7809,1.0,NC,1.0,3,4.0
1115,FCEQN,FCEQN-6655,1.0,NC,-1.0,-1,1.0
1116,FCEQN,FCEQN-6702,1.0,NC,1.0,4,5.0
1117,FCEQN,FCEQN-8134,1.0,NC,2.0,-1,1.0
1118,FCEQN,FCEQN-7418,1.0,NC,1.0,-1,1.0
1119,FCEQN,FCEQN-8135,1.0,NC,-1.0,-1,1.0
1120,FCEQN,FCEQN-4808,1.0,NC,1.0,4,5.0
1121,FCEQN,FCEQN-7340,1.0,NC,-1.0,4,5.0
1122,FCEQN,FCEQN-8009,1.0,NC,-1.0,-1,1.0
1123,FCEQN,FCEQN-8136,4.0,NC,1.0,-1,1.0
1124,FCEQN,FCEQN-8137,1.0,NC,2.0,-1,1.0
1125,FCEQN,FCEQN-7701,1.0,NC,3.0,-1,1.0
1126,FCEQN,FCEQN-7374,1.0,NC,-1.0,4,7.0
1127,FCEQN,FCEQN-8138,1.0,NC,1.0,-1,1.0
1128,FCEQN,FCEQN-7609,1.0,NC,-1.0,4,3.0
1129,FCEQN,FCEQN-7382,1.0,NC,-1.0,-1,1.0
1130,FCEQN,FCEQN-7381,1.0,NC,-1.0,-1,1.0
1131,FCEQN,FCEQN-3993,1.0,NC,-1.0,-1,1.0
1132,FCEQN,1963,1.0,1,4.0,3,5.0
1133,FCEQN,FCEQN-7919,1.0,NC,-1.0,3,5.0
1134,FCEQN,FCEQN-8001,1.0,NC,2.0,-1,-1.0
1135,FCEQN,FCEQN-7344,1.0,NC,-1.0,4,5.0
1136,FCEQN,FCEQN-7504,1.0,NC,4.0,3,3.0
1137,FCEQN,FCEQN-8139,1.0,No,4.0,3,5.0
1138,FCEQN,FCEQN-7759,1.0,NC,-1.0,-1,1.0
1139,FCEQN,FCEQN-7485,1.0,NC,-1.0,-1,1.0
1140,FCEQN,FCEQN-7365,1.0,NC,1.0,4,3.0
1141,FCEQN,FCEQN-7353,1.0,NC,-1.0,-1,1.0
1142,FCEQN,FCEQN-7495,1.0,NC,-1.0,4,5.0
1143,FCEQN,FCEQN-7984,1.0,NC,-1.0,4,5.0
1144,FCEQN,FCEQN-7664,2.0,NC,1.0,-1,1.0
1145,FCEQN,FCEQN-8140,1.0,NC,-1.0,-1,7.0
1146,FCEQN,FCEQN-7771,1.0,NC,-1.0,4,3.0
1147,FCEQN,FCEQN-7318,1.0,NC,-1.0,-1,1.0
1148,FCEQN,FCEQN-7598,1.0,NC,-1.0,4,3.0
1149,FCEQN,FCEQN-7829,1.0,NC,-1.0,-1,1.0
1150,FCEQN,FCEQN-7384,1.0,NC,1.0,-1,1.0
1151,FCEQN,FCEQN-7773,1.0,NC,-1.0,4,5.0
1152,FCEQN,FCEQN-7932,1.0,NC,-1.0,-1,1.0
1153,FCEQN,FCEQN-7918,1.0,NC,3.0,-1,1.0
1154,FCEQN,FCEQN-7782,1.0,NC,-1.0,-1,1.0
1155,FCEQN,FCEQN-7373,1.0,NC,-1.0,-1,1.0
1156,FCEQN,FCEQN-7425,1.0,NC,-1.0,1,5.0
1157,FCEQN,FCEQN-7486,1.0,NC,-1.0,-1,1.0
1158,FCEQN,FCEQN-7062,1.0,NC,-1.0,3,5.0
1159,FCEQN,FCEQN-7636,2.0,NC,-1.0,-1,1.0
1160,FCEQN,FCEQN-8142,1.0,NC,-1.0,-1,1.0
1161,FCEQN,FCEQN-7547,1.0,NC,-1.0,3,5.0
1162,FCEQN,FCEQN-8064,1.0,NC,-1.0,-1,1.0
1163,FCEQN,FCEQN-7541,1.0,NC,-1.0,4,5.0
1164,FCEQN,FCEQN-7628,1.0,NC,2.0,1,5.0
1165,FCEQN,FCEQN-7489,1.0,NC,-1.0,-1,1.0
1166,FCEQN,FCEQN-7349,1.0,NC,-1.0,-1,1.0
1167,FCEQN,FCEQN-7461,1.0,NC,1.0,-1,1.0
1168,FCEQN,FCEQN-7462,1.0,NC,4.0,-1,7.0
1169,FCEQN,FCEQN-7621,1.0,NC,2.0,-1,1.0
1170,FCEQN,FCEQN-7429,1.0,NC,1.0,-1,1.0
1171,FCEQN,FCEQN-7493,1.0,NC,1.0,4,5.0
1172,FCEQN,FCEQN-7494,1.0,NC,2.0,4,5.0
1173,FCEQN,FCEQN-6946,1.0,NC,1.0,-1,1.0
1174,FCEQN,FCEQN-8144,2.0,NC,1.0,4,3.0
1175,FCEQN,FCEQN-7521,1.0,NC,-1.0,-1,1.0
1176,FCEQN,FCEQN-7552,1.0,NC,-1.0,-1,1.0
1177,FCEQN,FCEQN-7386,1.0,NC,-1.0,4,5.0
1178,FCEQN,FCEQN-7696,1.0,NC,1.0,4,5.0
1179,FCEQN,FCEQN-7689,1.0,NC,2.0,-1,1.0
1180,FCEQN,FCEQN-7481,1.0,NC,-1.0,-1,1.0
1181,FCEQN,FCEQN-7684,1.0,NC,-1.0,-1,1.0
1182,FCEQN,FCEQN-7463,1.0,NC,-1.0,-1,1.0
1183,FCEQN,FCEQN-7679,1.0,NC,2.0,-1,-1.0
1184,FCEQN,FCEQN-7456,1.0,NC,-1.0,-1,1.0
1185,FCEQN,FCEQN-7501,1.0,NC,-1.0,3,7.0
1186,FCEQN,FCEQN-7421,1.0,NC,-1.0,4,5.0
1187,FCEQN,FCEQN-7981,1.0,NC,-1.0,-1,-1.0
1188,FCEQN,FCEQN-7378,1.0,NC,1.0,4,5.0
1189,FCEQN,FCEQN-7644,1.0,NC,1.0,4,3.0
1190,FCEQN,FCEQN-7608,1.0,NC,1.0,4,3.0
1191,FCEQN,FCEQN-6251,1.0,NC,1.0,-1,-1.0
1192,FCEQN,FCEQN-7400,1.0,NC,4.0,1,5.0
1193,FCEQN,FCEQN-7855,1.0,NC,1.0,1,6.0
1194,FCEQN,FCEQN-7721,1.0,NC,2.0,3,5.0
1195,FCEQN,FCEQN-8143,1.0,NC,1.0,3,7.0
1196,FCEQN,FCEQN-8008,1.0,NC,-1.0,3,7.0
1197,FCEQN,FCEQN-7618,1.0,NC,-1.0,4,3.0
1198,FCEQN,FCEQN-7415,1.0,1,4.0,3,4.0
1199,FCEQN,FCEQN-7401,1.0,NC,-1.0,-1,1.0
1200,FCEQN,FCEQN-7413,1.0,NC,1.0,-1,1.0
1201,FCEQN,FCEQN-7443,1.0,NC,-1.0,-1,1.0
1202,FCEQN,FCEQN-7539,1.0,NC,-1.0,-1,1.0
1203,FCEQN,FCEQN-5923,1.0,NC,-1.0,-1,1.0
1204,FCEQN,FCEQN-7637,1.0,NC,-1.0,-1,1.0
1205,FCEQN,FCEQN-7066,1.0,NC,-1.0,-1,1.0
1206,FCEQN,FCEQN-7685,1.0,NC,-1.0,-1,1.0
1207,FCEQN,FCEQN-8076,1.0,NC,-1.0,-1,1.0
1208,FCEQN,FCEQN-7367,6.0,NC,-1.0,-1,1.0
1209,FCEQN,FCEQN-7909,1.0,NC,1.0,4,4.0
1210,FCEQN,FCEQN-7397,1.0,NC,-1.0,-1,1.0
1211,FCEQN,FCEQN-7581,1.0,NC,1.0,4,1.0
1212,FCEQN,FCEQN-7761,2.0,NC,1.0,4,3.0
1213,FCEQN,FCEQN-7487,1.0,NC,-1.0,3,5.0
1214,FCEQN,FCEQN-8147,1.0,NC,-1.0,-1,1.0
1215,FCEQN,FCEQN-7952,1.0,NC,1.0,4,3.0
1216,FCEQN,FCEQN-7937,2.0,NC,4.0,3,3.0
1217,FCEQN,FCEQN-7655,1.0,NC,1.0,1,5.0
1218,FCEQN,FCEQN-7407,1.0,NC,-1.0,1,5.0
1219,FCEQN,FCEQN-3326,1.0,NC,-1.0,-1,-1.0
1220,FCEQN,FCEQN-7372,1.0,NC,2.0,-1,4.0
1221,FCEQN,FCEQN-7553,1.0,NC,-1.0,-1,-1.0
1222,FCEQN,FCEQN-7326,1.0,NC,-1.0,-1,1.0
1223,FCEQN,FCEQN-8148,1.0,NC,2.0,4,5.0
1224,FCEQN,FCEQN-7717,1.0,NC,1.0,-1,1.0
1225,FCEQN,FCEQN-7958,1.0,NC,-1.0,-1,1.0
1226,FCEQN,FCEQN-7380,1.0,NC,1.0,-1,1.0
1227,FCEQN,FCEQN-7346,1.0,NC,1.0,-1,1.0
1228,FCEQN,FCEQN-7929,1.0,NC,2.0,1,4.0
1229,FCEQN,FCEQN-7453,1.0,NC,1.0,-1,1.0
1230,FCEQN,FCEQN-7361,1.0,NC,1.0,-1,1.0
1231,FCEQN,FCEQN-7376,1.0,NC,-1.0,-1,1.0
1232,FCEQN,FCEQN-7458,1.0,NC,1.0,-1,-1.0
1233,FCEQN,FCEQN-7996,1.0,NC,1.0,-1,1.0
1234,FCEQN,FCEQN-7795,1.0,NC,1.0,-1,1.0
1235,FCEQN,FCEQN-6581,1.0,NC,4.0,3,5.0
1236,FCEQN,FCEQN-7902,1.0,NC,-1.0,-1,-1.0
1237,FCEQN,FCEQN-7784,1.0,NC,1.0,-1,5.0
1238,FCEQN,FCEQN-7357,1.0,NC,2.0,-1,4.0
1239,FCEQN,FCEQN-7442,1.0,NC,-1.0,4,3.0
1240,FCEQN,FCEQN-7479,1.0,NC,1.0,-1,-1.0
1241,FCEQN,FCEQN-7652,1.0,NC,3.0,-1,1.0
1242,FCEQN,FCEQN-7642,1.0,NC,1.0,-1,1.0
1243,FCEQN,FCEQN-7390,1.0,NC,1.0,-1,1.0
1244,FCEQN,FCEQN-7535,1.0,NC,1.0,-1,1.0
1245,FCEQN,FCEQN-7438,1.0,NC,-1.0,-1,1.0
1246,FCEQN,FCEQN-8087,1.0,NC,1.0,4,3.0
1247,FCEQN,FCEQN-7733,1.0,NC,1.0,-1,1.0
1248,FCEQN,FCEQN-5591,1.0,NC,2.0,-1,1.0
1249,FCEQN,FCEQN-7935,1.0,NC,2.0,-1,1.0
1250,FCEQN,FCEQN-7424,1.0,NC,-1.0,-1,-1.0
1251,FCEQN,FCEQN-6659,1.0,NC,4.0,3,5.0
1252,FCEQN,FCEQN-7907,1.0,NC,1.0,4,5.0
1253,FCEQN,FCEQN-8032,1.0,NC,1.0,-1,1.0
1254,FCEQN,FCEQN-7702,1.0,NC,4.0,3,5.0
1255,FCEQN,FCEQN-7749,1.0,NC,-1.0,-1,-1.0
1256,FCEQN,FCEQN-7476,1.0,NC,-1.0,4,5.0
1257,FCEQN,FCEQN-3760,1.0,NC,2.0,4,5.0
1258,FCEQN,FCEQN-7994,1.0,NC,-1.0,-1,1.0
1259,FCEQN,FCEQN-7313,1.0,NC,1.0,-1,1.0
1260,FCEQN,FCEQN-8149,1.0,NC,2.0,-1,1.0
1261,FCEQN,FCEQN-7507,1.0,NC,2.0,-1,1.0
1262,FCEQN,FCEQN-7402,1.0,NC,4.0,1,5.0
1263,FCEQN,FCEQN-8019,1.0,NC,-1.0,-1,-1.0
1264,FCEQN,FCEQN-7979,1.0,NC,2.0,3,3.0
1265,FCEQN,FCEQN-8011,1.0,NC,4.0,-1,-1.0
1266,FCEQN,FCEQN-7916,1.0,Si,4.0,4,3.0
1267,FCEQN,FCEQN-7730,1.0,NC,2.0,4,3.0
1268,FCEQN,FCEQN-8150,1.0,NC,1.0,-1,1.0
1269,FCEQN,FCEQN-7523,1.0,NC,1.0,1,5.0
1270,FCEQN,FCEQN-7472,1.0,1,4.0,1,5.0
1271,FCEQN,FCEQN-7647,1.0,NC,1.0,1,3.0
1272,FCEQN,FCEQN-7801,1.0,NC,-1.0,4,3.0
1273,FCEQN,FCEQN-7722,1.0,NC,2.0,1,4.0
1274,FCEQN,FCEQN-7732,1.0,NC,4.0,-1,1.0
1275,FCEQN,FCEQN-7323,1.0,No,4.0,1,3.0
1276,FCEQN,FCEQN-7616,1.0,NC,1.0,1,5.0
1277,FCEQN,FCEQN-7649,1.0,NC,4.0,1,3.0
1278,FCEQN,FCEQN-7611,1.0,No,4.0,2,3.0
1279,FCEQN,FCEQN-8016,1.0,NC,1.0,1,3.0
1280,FCEQN,FCEQN-8119,1.0,NC,-1.0,-1,1.0
1281,FCEQN,FCEQN-7854,1.0,NC,2.0,4,5.0
1282,FCEQN,FCEQN-7705,1.0,NC,1.0,-1,1.0
1283,FCEQN,FCEQN-7571,1.0,NC,-1.0,4,5.0
1284,FCEQN,FCEQN-7337,1.0,NC,2.0,4,3.0
1285,FCEQN,FCEQN-7707,1.0,NC,2.0,4,3.0
1286,FCEQN,FCEQN-7437,2.0,Si,4.0,2,3.0
1287,FCEQN,FCEQN-7555,1.0,NC,2.0,-1,1.0
1288,FCEQN,FCEQN-7953,1.0,NC,3.0,4,3.0
1289,FCEQN,FCEQN-7579,1.0,NC,2.0,3,5.0
1290,FCEQN,FCEQN-7317,1.0,No,1.0,1,3.0
1291,FCEQN,FCEQN-7439,1.0,NC,1.0,1,5.0
1292,FCEQN,FCEQN-7330,1.0,NC,4.0,2,4.0
1293,FCEQN,FCEQN-7908,1.0,NC,2.0,-1,1.0
1294,FCEQN,FCEQN-7950,1.0,NC,2.0,4,3.0
1295,FCEQN,FCEQN-7457,1.0,NC,4.0,1,3.0
1296,FCEQN,FCEQN-7912,1.0,NC,4.0,4,5.0
1297,FCEQN,FCEQN-7470,1.0,NC,1.0,4,5.0
1298,FCEQN,FCEQN-7822,1.0,NC,-1.0,-1,1.0
1299,FCEQN,FCEQN-7557,1.0,NC,4.0,3,3.0
1300,FCEQN,FCEQN-7517,1.0,NC,1.0,-1,1.0
1301,FCEQN,FCEQN-7191,1.0,NC,3.0,-1,1.0
1302,FCEQN,FCEQN-7399,1.0,NC,-1.0,3,3.0
1303,FCEQN,FCEQN-7920,1.0,NC,-1.0,-1,1.0
1304,FCEQN,FCEQN-7987,1.0,Si,4.0,4,5.0
1305,FCEQN,FCEQN-7686,1.0,NC,1.0,1,5.0
1306,FCEQN,FCEQN-7687,1.0,NC,-1.0,1,7.0
1307,FCEQN,FCEQN-7548,1.0,NC,1.0,-1,1.0
1308,FCEQN,FCEQN-7496,1.0,NC,2.0,-1,7.0
1309,FCEQN,FCEQN-7828,1.0,NC,3.0,-1,1.0
1310,FCEQN,FCEQN-7511,1.0,NC,-1.0,-1,-1.0
1311,FCEQN,FCEQN-7898,1.0,NC,4.0,3,3.0
1312,FCEQN,FCEQN-7638,1.0,NC,4.0,1,5.0
1313,FCEQN,FCEQN-6205,1.0,NC,4.0,4,3.0
1314,FCEQN,FCEQN-7333,1.0,NC,4.0,-1,-1.0
1315,FCEQN,FCEQN-7666,1.0,NC,4.0,1,3.0
1316,FCEQN,FCEQN-8056,1.0,NC,2.0,-1,1.0
1317,FCEQN,FCEQN-7699,1.0,Si,4.0,1,5.0
1318,FCEQN,FCEQN-7428,1.0,No,4.0,3,3.0
1319,FCEQN,FCEQN-7766,1.0,NC,4.0,1,5.0
1320,FCEQN,FCEQN-7724,1.0,NC,4.0,1,5.0
1321,FCEQN,FCEQN-7755,1.0,NC,1.0,1,5.0
1322,FCEQN,FCEQN-7669,1.0,NC,4.0,1,5.0
1323,FCEQN,FCEQN-7980,1.0,No,3.0,3,3.0
1324,FCEQN,FCEQN-6400,1.0,No,4.0,1,4.0
1325,FCEQN,FCEQN-7394,1.0,NC,1.0,-1,7.0
1326,FCEQN,FCEQN-7469,1.0,NC,4.0,-1,-1.0
1327,FCEQN,FCEQN-7325,1.0,NC,4.0,1,5.0
1328,FCEQN,FCEQN-7674,2.0,1,2.0,3,5.0
1329,FCEQN,FCEQN-8151,1.0,NC,4.0,-1,-1.0
1330,FCEQN,FCEQN-7554,1.0,No,4.0,4,5.0
1331,FCEQN,FCEQN-7602,1.0,No,4.0,1,5.0
1332,FCEQN,FCEQN-8055,1.0,NC,1.0,1,3.0
1333,FCEQN,FCEQN-8107,1.0,NC,3.0,1,2.0
1334,FCEQN,FCEQN-7360,1.0,NC,2.0,1,5.0
1335,FCEQN,FCEQN-7512,1.0,NC,1.0,3,4.0
1336,FCEQN,FCEQN-7676,1.0,NC,1.0,-1,7.0
1337,FCEQN,FCEQN-8054,1.0,No,4.0,1,3.0
1338,FCEQN,FCEQN-8053,1.0,NC,3.0,-1,-1.0
1339,FCEQN,FCEQN-7914,1.0,No,4.0,-1,5.0
1340,FCEQN,FCEQN-7843,1.0,NC,4.0,3,4.0
1341,FCEQN,FCEQN-7858,1.0,NC,4.0,3,3.0
1342,FCEQN,FCEQN-7967,1.0,NC,-1.0,4,3.0
1343,FCEQN,FCEQN-7362,1.0,NC,-1.0,4,3.0
1344,FCEQN,FCEQN-7752,1.0,NC,4.0,1,3.0
1345,FCEQN,FCEQN-8152,1.0,NC,1.0,-1,-1.0
1346,FCEQN,FCEQN-7656,1.0,NC,1.0,-1,-1.0
1347,FCEQN,FCEQN-7651,1.0,NC,-1.0,-1,-1.0
1348,FCEQN,FCEQN-7812,1.0,NC,-1.0,1,5.0
1349,FCEQN,FCEQN-7406,1.0,NC,1.0,4,3.0
1350,FCEQN,FCEQN-6999,1.0,NC,-1.0,4,5.0
1351,FCEQN,FCEQN-8145,1.0,NC,-1.0,4,3.0
1352,FCEQN,FCEQN-8146,1.0,NC,1.0,4,3.0
1353,FCEQN,FCEQN-7617,1.0,NC,1.0,4,5.0
1354,FCEQN,FCEQN-7635,1.0,NC,1.0,4,3.0
1355,FCEQN,FCEQN-7798,1.0,NC,-1.0,-1,-1.0
1356,FCEQN,FCEQN-7884,1.0,S,1.0,-1,1.0
1357,FCEQN,FCEQN-8044,1.0,NC,1.0,-1,-1.0
1358,FCEQN,FCEQN-7482,2.0,NC,1.0,4,1.0
1359,FCEQN,FCEQN-7966,1.0,NC,1.0,4,5.0
1360,FCEQN,FCEQN-7447,1.0,NC,-1.0,4,3.0
1361,FCEQN,FCEQN-7566,1.0,NC,2.0,4,5.0
1362,FCEQN,FCEQN-7723,1.0,NC,-1.0,-1,-1.0
1363,FCEQN,FCEQN-7514,1.0,NC,-1.0,4,1.0
1364,FCEQN,FCEQN-7467,1.0,NC,-1.0,-1,-1.0
1365,FCEQN,FCEQN-7977,1.0,NC,-1.0,-1,-1.0
1366,FCEQN,FCEQN-7500,1.0,NC,-1.0,-1,-1.0
1367,FCEQN,FCEQN-7545,1.0,NC,-1.0,3,5.0
1368,FCEQN,FCEQN-7441,1.0,NC,-1.0,-1,-1.0
1369,FCEQN,FCEQN-7677,1.0,NC,-1.0,-1,-1.0
1370,FCEQN,FCEQN-7712,1.0,NC,1.0,-1,-1.0
1371,FCEQN,FCEQN-7791,1.0,NC,1.0,4,5.0
1372,FCEQN,FCEQN-7451,1.0,NC,1.0,4,3.0
1373,FCEQN,FCEQN-7868,1.0,NC,-1.0,-1,-1.0
1374,FCEQN,FCEQN-7589,1.0,NC,-1.0,-1,-1.0
1375,FCEQN,FCEQN-7750,1.0,NC,-1.0,-1,-1.0
1376,FCEQN,FCEQN-7592,1.0,NC,-1.0,-1,-1.0
1377,FCEQN,FCEQN-7622,2.0,NC,1.0,4,3.0
1378,FCEQN,FCEQN-7120,1.0,NC,-1.0,-1,-1.0
1379,FCEQN,FCEQN-7938,1.0,NC,-1.0,-1,-1.0
1380,FCEQN,FCEQN-8049,1.0,NC,1.0,4,2.0
1381,FCEQN,FCEQN-7978,1.0,NC,4.0,1,5.0
1382,FCEQN,FCEQN-8013,1.0,NC,-1.0,-1,-1.0
1383,FCEQN,FCEQN-7582,1.0,NC,-1.0,4,5.0
1384,FCEQN,FCEQN-7334,1.0,NC,-1.0,-1,-1.0
1385,FCEQN,FCEQN-7615,1.0,NC,2.0,-1,-1.0
1386,FCEQN,FCEQN-7572,1.0,NC,4.0,3,3.0
1387,FCEQN,FCEQN-8062,1.0,Si,4.0,1,5.0
1388,FCEQN,FCEQN-7432,1.0,NC,1.0,4,3.0
1389,FCEQN,FCEQN-7693,1.0,NC,1.0,4,3.0
1390,FCEQN,FCEQN-7783,1.0,NC,-1.0,-1,-1.0
1391,FCEQN,FCEQN-7632,1.0,NC,-1.0,-1,-1.0
1392,FCEQN,FCEQN-7549,1.0,NC,-1.0,4,3.0
1393,FCEQN,FCEQN-7772,1.0,NC,2.0,-1,-1.0
1394,FCEQN,FCEQN-7925,1.0,NC,-1.0,-1,-1.0
1395,FCEQN,FCEQN-7209,1.0,NC,-1.0,-1,-1.0
1396,FCEQN,FCEQN-7597,1.0,NC,-1.0,4,5.0
1397,FCEQN,FCEQN-7971,1.0,NC,2.0,1,5.0
1398,FCEQN,FCEQN-7584,1.0,NC,1.0,3,5.0
1399,FCEQN,FCEQN-7633,1.0,NC,4.0,1,5.0
1400,FCEQN,FCEQN-6990,1.0,NC,-1.0,-1,-1.0
1401,FCEQN,FCEQN-7475,1.0,NC,-1.0,-1,-1.0
1402,FCEQN,FCEQN-7354,1.0,NC,-1.0,1,5.0
1403,FCEQN,FCEQN-7970,1.0,NC,-1.0,-1,-1.0
1404,FCEQN,FCEQN-7695,1.0,NC,-1.0,4,5.0
1405,FCEQN,FCEQN-8154,1.0,NC,-1.0,4,3.0
1406,FCEQN,FCEQN-7911,1.0,NC,-1.0,-1,-1.0
1407,FCEQN,FCEQN-7886,1.0,NC,-1.0,4,5.0
1408,FCEQN,FCEQN-7835,1.0,NC,-1.0,-1,-1.0
1409,FCEQN,FCEQN-7814,1.0,NC,1.0,4,3.0
1410,FCEQN,FCEQN-7738,1.0,NC,-1.0,-1,-1.0
1411,FCEQN,FCEQN-7505,1.0,NC,-1.0,-1,-1.0
1412,FCEQN,FCEQN-7832,1.0,NC,-1.0,-1,-1.0
1413,FCEQN,FCEQN-7610,1.0,NC,-1.0,4,5.0
1414,FCEQN,FCEQN-7434,1.0,NC,1.0,-1,-1.0
1415,FCEQN,FCEQN-7516,1.0,NC,1.0,-1,-1.0
1416,FCEQN,FCEQN-7567,1.0,No,4.0,1,3.0
1417,FCEQN,FCEQN-7614,2.0,NC,1.0,4,3.0
1418,FCEQN,FCEQN-7675,1.0,NC,1.0,4,3.0
1419,FCEQN,FCEQN-8002,1.0,NC,-1.0,-1,-1.0
1420,FCEQN,FCEQN-3793,1.0,NC,-1.0,4,3.0
1421,FCEQN,FCEQN-8047,1.0,NC,-1.0,-1,-1.0
1422,FCEQN,FCEQN-7706,1.0,NC,-1.0,-1,-1.0
1423,FCEQN,FCEQN-7756,1.0,NC,-1.0,-1,-1.0
1424,FCEQN,FCEQN-7743,1.0,NC,1.0,4,5.0
1425,FCEQN,FCEQN-7727,1.0,NC,-1.0,-1,-1.0
1426,FCEQN,FCEQN-6617,1.0,NC,-1.0,4,5.0
1427,FCEQN,FCEQN-7563,1.0,NC,-1.0,4,5.0
1428,FCEQN,FCEQN-7926,1.0,NC,-1.0,4,3.0
1429,FCEQN,FCEQN-6371,1.0,1,4.0,-1,5.0
1430,FCEQN,FCEQN-6575,1.0,NC,-1.0,-1,-1.0
1431,FCEQN,FCEQN-8114,1.0,NC,-1.0,-1,-1.0
1432,FCEQN,FCEQN-7653,1.0,NC,-1.0,-1,-1.0
1433,FCEQN,FCEQN-7887,3.0,NC,-1.0,1,4.0
1434,FCEQN,FCEQN-7371,1.0,NC,-1.0,-1,-1.0
1435,FCEQN,FCEQN-7596,1.0,NC,-1.0,4,2.0
1436,FCEQN,FCEQN-7658,1.0,NC,-1.0,-1,7.0
1437,FCEQN,FCEQN-7435,1.0,NC,-1.0,4,7.0
1438,FCEQN,FCEQN-7678,1.0,NC,-1.0,4,3.0
1439,FCEQN,FCEQN-7585,1.0,NC,-1.0,-1,-1.0
1440,FCEQN,FCEQN-7431,1.0,NC,-1.0,-1,-1.0
1441,FCEQN,FCEQN-7933,1.0,NC,-1.0,-1,-1.0
1442,FCEQN,FCEQN-7546,1.0,NC,1.0,4,3.0
1443,FCEQN,FCEQN-7422,1.0,NC,-1.0,4,3.0
1444,FCEQN,FCEQN-7445,1.0,NC,-1.0,-1,-1.0
1445,FCEQN,FCEQN-7964,1.0,NC,-1.0,4,5.0
1446,FCEQN,FCEQN-7488,1.0,NC,-1.0,4,5.0
1447,FCEQN,FCEQN-7903,1.0,NC,-1.0,-1,-1.0
1448,FCEQN,FCEQN-7510,1.0,NC,-1.0,-1,-1.0
1449,FCEQN,FCEQN-7556,1.0,NC,-1.0,3,4.0
1450,FCEQN,FCEQN-8101,1.0,NC,-1.0,4,5.0
1451,FCEQN,FCEQN-7875,1.0,NC,-1.0,-1,-1.0
1452,FCEQN,FCEQN-7626,1.0,NC,-1.0,-1,-1.0
1453,FCEQN,FCEQN-7595,1.0,NC,-1.0,4,5.0
1454,FCEQN,FCEQN-7607,1.0,NC,-1.0,-1,-1.0
1455,FCEQN,FCEQN-7388,1.0,NC,-1.0,4,5.0
1456,FCEQN,FCEQN-7586,1.0,NC,-1.0,-1,-1.0
1457,FCEQN,FCEQN-7697,1.0,NC,-1.0,-1,-1.0
1458,FCEQN,FCEQN-7830,1.0,NC,-1.0,-1,-1.0
1459,FCEQN,FCEQN-7338,1.0,NC,2.0,-1,1.0
1460,FCEQN,FCEQN-8085,1.0,NC,-1.0,-1,-1.0
1461,FCEQN,FCEQN-8072,1.0,NC,-1.0,-1,1.0
1462,FCEQN,5103,1.0,NC,-1.0,4,3.0
1463,FCEQN,FCEQN-5883,1.0,NC,-1.0,-1,-1.0
1464,FCEQN,FCEQN-6150,1.0,NC,-1.0,-1,-1.0
1465,FCEQN,FCEQN-4194,1.0,NC,2.0,1,5.0
1466,FCEQN,FCEQN-5025,1.0,NC,1.0,-1,-1.0
1467,FCEQN,FCEQN-5435,1.0,NC,-1.0,-1,-1.0
1468,FCEQN,FCEQN-5570,1.0,NC,-1.0,-1,-1.0
1469,FCEQN,FCEQN-5730,1.0,NC,-1.0,-1,5.0
1470,FCEQN,FCEQN-4305,1.0,NC,-1.0,-1,-1.0
1471,FCEQN,FCEQN-2309,1.0,NC,-1.0,-1,-1.0
1472,FCEQN,FCEQN-5237,1.0,NC,-1.0,4,3.0
1473,FCEQN,FCEQN-6461,1.0,NC,1.0,4,3.0
1474,FCEQN,FCEQN-6218,1.0,S,4.0,-1,-1.0
1475,FCEQN,FCEQN-6465,1.0,NC,-1.0,4,3.0
1476,FCEQN,FCEQN-6473,1.0,NC,4.0,1,5.0
1477,FCEQN,FCEQN-6474,1.0,NC,-1.0,1,5.0
1478,FCEQN,FCEQN-6456,1.0,NC,-1.0,4,3.0
1479,FCEQN,FCEQN-6484,1.0,NC,1.0,4,3.0
1480,FCEQN,428,1.0,NC,-1.0,4,3.0
1481,FCEQN,5200,1.0,NC,-1.0,-1,-1.0
1482,FCEQN,FCEQN-4157,2.0,NC,-1.0,4,5.0
1483,FCEQN,FCEQN-6022,1.0,NC,4.0,3,5.0
1484,FCEQN,FCEQN-6230,1.0,NC,-1.0,-1,7.0
1485,FCEQN,FCEQN-6354,1.0,NC,-1.0,-1,-1.0
1486,FCEQN,FCEQN-6378,1.0,NC,-1.0,-1,-1.0
1487,FCEQN,FCEQN-3367,1.0,NC,-1.0,4,5.0
1488,FCEQN,FCEQN-2439,1.0,NC,-1.0,4,3.0
1489,FCEQN,FCEQN-3180,1.0,NC,-1.0,4,5.0
1490,FCEQN,FCEQN-6011,1.0,NC,-1.0,-1,-1.0
1491,FCEQN,FCEQN-5413,1.0,NC,-1.0,-1,-1.0
1492,FCEQN,FCEQN-6167,1.0,NC,-1.0,-1,-1.0
1493,FCEQN,FCEQN-5394,1.0,NC,-1.0,4,1.0
1494,FCEQN,FCEQN-6165,1.0,NC,-1.0,-1,-1.0
1495,FCEQN,FCEQN-6384,1.0,NC,-1.0,4,5.0
1496,FCEQN,FCEQN-5825,1.0,NC,-1.0,1,5.0
1497,FCEQN,FCEQN-6225,1.0,NC,-1.0,-1,-1.0
1498,FCEQN,FCEQN-5517,1.0,NC,-1.0,1,5.0
1499,FCEQN,FCEQN-5932,1.0,NC,4.0,-1,-1.0
1500,FCEQN,FCEQN-6047,1.0,No,4.0,3,3.0
1501,FCEQN,FCEQN-6060,1.0,NC,-1.0,-1,-1.0
1502,FCEQN,FCEQN-6340,1.0,NC,-1.0,-1,4.0
1503,FCEQN,FCEQN-3730,1.0,NC,-1.0,-1,-1.0
1504,FCEQN,FCEQN-5001,1.0,NC,-1.0,-1,-1.0
1505,FCEQN,FCEQN-6204,1.0,NC,-1.0,-1,-1.0
1506,FCEQN,FCEQN-6266,2.0,1,4.0,3,3.0
1507,FCEQN,FCEQN-6374,1.0,NC,-1.0,-1,-1.0
1508,FCEQN,FCEQN-1939,1.0,NC,2.0,-1,-1.0
1509,FCEQN,FCEQN-4870,1.0,NC,-1.0,4,3.0
1510,FCEQN,FCEQN-5785,1.0,NC,-1.0,-1,-1.0
1511,FCEQN,FCEQN-6120,1.0,NC,4.0,1,5.0
1512,FCEQN,FCEQN-4990,1.0,NC,-1.0,4,4.0
1513,FCEQN,FCEQN-6331,1.0,NC,-1.0,1,5.0
1514,FCEQN,FCEQN-5988,1.0,NC,-1.0,-1,-1.0
1515,FCEQN,FCEQN-6430,1.0,NC,2.0,1,5.0
1516,FCEQN,FCEQN-5501,1.0,NC,-1.0,-1,-1.0
1517,FCEQN,FCEQN-6426,1.0,NC,-1.0,-1,-1.0
1518,FCEQN,FCEQN-5216,1.0,NC,1.0,4,5.0
1519,FCEQN,FCEQN-5848,1.0,NC,-1.0,-1,-1.0
1520,FCEQN,FCEQN-5614,1.0,NC,-1.0,4,3.0
1521,FCEQN,FCEQN-5843,1.0,NC,-1.0,-1,-1.0
1522,FCEQN,FCEQN-6398,1.0,NC,-1.0,-1,-1.0
1523,FCEQN,FCEQN-5389,1.0,NC,-1.0,-1,-1.0
1524,FCEQN,FCEQN-6037,1.0,NC,4.0,1,5.0
1525,FCEQN,FCEQN-5835,1.0,NC,-1.0,-1,7.0
1526,FCEQN,FCEQN-1181,1.0,NC,-1.0,-1,5.0
1527,FCEQN,FCEQN-3578,1.0,NC,-1.0,4,5.0
1528,FCEQN,4424,1.0,NC,4.0,-1,-1.0
1529,FCEQN,FCEQN-5933,1.0,NC,-1.0,3,5.0
1530,FCEQN,FCEQN-5770,1.0,NC,-1.0,-1,-1.0
1531,FCEQN,FCEQN-5803,1.0,NC,1.0,-1,1.0
1532,FCEQN,FCEQN-6221,1.0,NC,-1.0,-1,-1.0
1533,FCEQN,FCEQN-5405,2.0,NC,-1.0,4,5.0
1534,FCEQN,FCEQN-5888,1.0,NC,-1.0,-1,-1.0
1535,FCEQN,FCEQN-6480,1.0,NC,-1.0,-1,-1.0
1536,FCEQN,FCEQN-5292,1.0,NC,-1.0,4,5.0
1537,FCEQN,FCEQN-5404,1.0,NC,-1.0,4,4.0
1538,FCEQN,FCEQN-6428,1.0,NC,-1.0,-1,-1.0
1539,FCEQN,FCEQN-6431,1.0,NC,-1.0,1,5.0
1540,FCEQN,FCEQN-5281,6.0,NC,-1.0,1,3.0
1541,FCEQN,FCEQN-4951,1.0,NC,4.0,1,5.0
1542,FCEQN,FCEQN-4690,1.0,NC,-1.0,-1,-1.0
1543,FCEQN,FCEQN-6277,1.0,NC,-1.0,-1,-1.0
1544,FCEQN,FCEQN-6376,1.0,NC,-1.0,4,3.0
1545,FCEQN,FCEQN-4303,1.0,NC,4.0,3,5.0
1546,FCEQN,FCEQN-5804,1.0,NC,-1.0,1,5.0
1547,FCEQN,FCEQN-5624,1.0,NC,-1.0,4,3.0
1548,FCEQN,FCEQN-5485,1.0,NC,-1.0,-1,-1.0
1549,FCEQN,FCEQN-5659,1.0,NC,-1.0,-1,-1.0
1550,FCEQN,FCEQN-5391,1.0,NC,1.0,-1,-1.0
1551,FCEQN,FCEQN-5398,1.0,NC,-1.0,-1,-1.0
1552,FCEQN,FCEQN-5451,1.0,NC,-1.0,-1,-1.0
1553,FCEQN,FCEQN-5832,1.0,NC,-1.0,3,5.0
1554,FCEQN,FCEQN-5907,1.0,NC,-1.0,-1,1.0
1555,FCEQN,FCEQN-5963,1.0,NC,-1.0,-1,-1.0
1556,FCEQN,FCEQN-5992,1.0,NC,-1.0,3,4.0
1557,FCEQN,FCEQN-6099,1.0,NC,4.0,1,5.0
1558,FCEQN,FCEQN-6206,1.0,NC,4.0,1,6.0
1559,FCEQN,FCEQN-4173,1.0,NC,-1.0,-1,-1.0
1560,FCEQN,FCEQN-6444,1.0,NC,-1.0,-1,-1.0
1561,FCEQN,FCEQN-6445,1.0,NC,-1.0,-1,-1.0
1562,FCEQN,FCEQN-8007,1.0,NC,-1.0,-1,-1.0
1563,FCEQN,FCEQN-7731,1.0,NC,-1.0,-1,-1.0
1564,FCEQN,FCEQN-7663,1.0,NC,-1.0,4,3.0
1565,FCEQN,FCEQN-7941,1.0,NC,-1.0,4,3.0
1566,FCEQN,FCEQN-7423,1.0,NC,-1.0,4,3.0
1567,FCEQN,FCEQN-7974,1.0,NC,-1.0,4,3.0
1568,FCEQN,FCEQN-7960,1.0,NC,-1.0,-1,-1.0
1569,FCEQN,FCEQN-8155,1.0,NC,-1.0,4,3.0
1570,FCEQN,FCEQN-8018,1.0,NC,-1.0,-1,-1.0
1571,FCEQN,FCEQN-7915,1.0,NC,-1.0,-1,-1.0
1572,FCEQN,FCEQN-7612,1.0,NC,-1.0,4,5.0
1573,FCEQN,FCEQN-7605,1.0,NC,1.0,-1,-1.0
1574,FCEQN,FCEQN-7844,1.0,NC,-1.0,-1,-1.0
1575,FCEQN,FCEQN-7645,1.0,NC,-1.0,-1,-1.0
1576,FCEQN,FCEQN-7975,1.0,NC,-1.0,4,5.0
1577,FCEQN,FCEQN-7583,1.0,NC,-1.0,-1,-1.0
1578,FCEQN,FCEQN-7654,1.0,NC,-1.0,4,3.0
1579,FCEQN,FCEQN-6822,1.0,NC,-1.0,-1,-1.0
1580,FCEQN,FCEQN-7694,1.0,NC,-1.0,1,5.0
1581,FCEQN,FCEQN-7107,1.0,NC,-1.0,4,5.0
1582,FCEQN,FCEQN-7760,1.0,NC,-1.0,4,4.0
1583,FCEQN,FCEQN-7900,1.0,NC,-1.0,-1,-1.0
1584,FCEQN,FCEQN-7551,1.0,NC,4.0,1,3.0
1585,FCEQN,FCEQN-7671,1.0,NC,-1.0,4,7.0
1586,FCEQN,FCEQN-7599,1.0,NC,-1.0,-1,-1.0
1587,FCEQN,FCEQN-7973,1.0,NC,-1.0,4,3.0
1588,FCEQN,FCEQN-8029,1.0,NC,1.0,4,3.0
1589,FCEQN,FCEQN-8025,1.0,NC,-1.0,-1,-1.0
1590,FCEQN,FCEQN-8010,1.0,NC,-1.0,-1,-1.0
1591,FCEQN,FCEQN-6005,1.0,NC,-1.0,4,4.0
1592,FCEQN,FCEQN-8126,1.0,NC,-1.0,-1,-1.0
1593,FCEQN,FCEQN-7025,1.0,NC,-1.0,4,3.0
1594,FCEQN,FCEQN-7558,1.0,NC,-1.0,-1,-1.0
1595,FCEQN,FCEQN-7924,1.0,NC,-1.0,-1,1.0
1596,FCEQN,FCEQN-7976,1.0,NC,-1.0,-1,-1.0
1597,FCEQN,FCEQN-7544,1.0,NC,-1.0,-1,-1.0
1598,FCEQN,FCEQN-7757,1.0,NC,-1.0,-1,-1.0
1599,FCEQN,FCEQN-5706,1.0,NC,-1.0,4,4.0
1600,FCEQN,FCEQN-7951,1.0,NC,-1.0,3,5.0
1601,FCEQN,FCEQN-6035,1.0,NC,-1.0,-1,1.0
1602,FCEQN,FCEQN-5787,1.0,NC,1.0,-1,-1.0
1603,FCEQN,FCEQN-6159,1.0,NC,-1.0,4,3.0
1604,FCEQN,FCEQN-8090,1.0,NC,4.0,1,3.0
1605,FCEQN,FCEQN-7939,1.0,NC,1.0,3,7.0
1606,FCEQN,FCEQN-5696,1.0,NC,-1.0,-1,-1.0
1607,FCEQN,FCEQN-5519,1.0,NC,-1.0,4,2.0
1608,FCEQN,FCEQN-5076,1.0,NC,-1.0,-1,-1.0
1609,FCEQN,FCEQN-5596,1.0,NC,-1.0,3,5.0
1610,FCEQN,FCEQN-6232,1.0,NC,-1.0,4,5.0
1611,FCEQN,FCEQN-6082,1.0,NC,-1.0,-1,-1.0
1612,FCEQN,FCEQN-5735,1.0,NC,-1.0,-1,-1.0
1613,FCEQN,FCEQN-8026,1.0,NC,-1.0,-1,-1.0
1614,FCEQN,FCEQN-4250,1.0,NC,-1.0,4,5.0
1615,FCEQN,FCEQN-5736,1.0,NC,-1.0,-1,-1.0
1616,FCEQN,FCEQN-4867,1.0,NC,-1.0,4,5.0
1617,FCEQN,FCEQN-7160,1.0,NC,-1.0,-1,-1.0
1618,FCEQN,FCEQN-3036,1.0,NC,-1.0,-1,-1.0
1619,FCEQN,FCEQN-8159,1.0,NC,-1.0,-1,-1.0
1620,FCEQN,4687,6.0,NC,1.0,4,1.0
1621,FCEQN,FCEQN-8160,1.0,NC,-1.0,-1,-1.0
1622,FCEQN,FCEQN-8161,1.0,NC,1.0,4,3.0
1623,FCEQN,FCEQN-1165,1.0,NC,-1.0,-1,-1.0
1624,FCEQN,1736,1.0,NC,-1.0,-1,-1.0
1625,FCEQN,FCEQN-1432,1.0,NC,-1.0,-1,3.0
1626,FCEQN,FCEQN-7478,1.0,NC,-1.0,-1,1.0
1627,FCEQN,FCEQN-1647,1.0,NC,-1.0,-1,-1.0
1628,FCEQN,FCEQN-7800,1.0,NC,-1.0,-1,-1.0
1629,FCEQN,FCEQN-4521,1.0,NC,-1.0,-1,3.0
1630,FCEQN,FCEQN-3958,1.0,NC,-1.0,-1,-1.0
1631,FCEQN,FCEQN-7398,1.0,NC,-1.0,4,5.0
1632,FCEQN,FCEQN-7324,1.0,NC,-1.0,-1,-1.0
1633,FCEQN,FCEQN-6809,1.0,NC,-1.0,4,3.0
1634,FCEQN,1554,1.0,NC,-1.0,4,5.0
1635,FCEQN,4815,1.0,NC,-1.0,-1,-1.0
1636,FCEQN,FCEQN-1236,1.0,NC,-1.0,-1,-1.0
1637,FCEQN,FCEQN-4964,1.0,NC,2.0,4,3.0
1638,FCEQN,FCEQN-6027,1.0,NC,-1.0,4,5.0
1639,FCEQN,FCEQN-5908,1.0,NC,-1.0,-1,-1.0
1640,FCEQN,FCEQN-6622,1.0,NC,-1.0,1,3.0
1641,FCEQN,FCEQN-4902,1.0,NC,-1.0,-1,-1.0
1642,FCEQN,FCEQN-1720,1.0,NC,1.0,-1,-1.0
1643,FCEQN,FCEQN-4365,1.0,NC,1.0,4,4.0
1644,FCEQN,FCEQN-6264,1.0,NC,-1.0,4,3.0
1645,FCEQN,FCEQN-5159,1.0,NC,-1.0,4,5.0
1646,FCEQN,FCEQN-2334,1.0,NC,-1.0,-1,-1.0
1647,FCEQN,FCEQN-7643,1.0,NC,-1.0,4,3.0
1648,FCEQN,FCEQN-6446,1.0,NC,-1.0,4,5.0
1649,FCEQN,FCEQN-4402,1.0,NC,1.0,4,5.0
1650,FCEQN,FCEQN-6021,1.0,NC,-1.0,-1,-1.0
1651,FCEQN,FCEQN-6336,1.0,NC,-1.0,-1,-1.0
1652,FCEQN,FCEQN-5381,1.0,NC,-1.0,4,5.0
1653,FCEQN,FCEQN-5830,1.0,NC,-1.0,-1,-1.0
1654,FCEQN,FCEQN-4622,1.0,NC,-1.0,-1,-1.0
1655,FCEQN,FCEQN-8869,1.0,NC,-1.0,1,5.0
1656,FCEQN,FCEQN-7629,1.0,NC,-1.0,-1,-1.0
1657,FCEQN,FCEQN-8366,1.0,NC,2.0,1,7.0
1658,FCEQN,FCEQN-7864,1.0,NC,-1.0,-1,7.0
1659,FCEQN,FCEQN-7955,1.0,NC,-1.0,3,3.0
1660,FCEQN,FCEQN-5213,1.0,NC,-1.0,4,4.0
1661,FCEQN,FCEQN-8576,1.0,NC,-1.0,-1,-1.0
1662,FCEQN,FCEQN-8870,1.0,NC,-1.0,-1,-1.0
1663,FCEQN,FCEQN-8871,1.0,NC,-1.0,-1,-1.0
1664,FCEQN,FCEQN-8872,1.0,NC,-1.0,-1,-1.0
1665,FCEQN,FCEQN-6891,1.0,NC,-1.0,3,5.0
1666,FCEQN,FCEQN-5633,1.0,NC,-1.0,-1,7.0
1667,FCEQN,FCEQN-8873,1.0,NC,-1.0,4,5.0
1668,FCEQN,FCEQN-8874,1.0,NC,-1.0,4,4.0
1669,FCEQN,FCEQN-7785,1.0,NC,-1.0,-1,-1.0
1670,FCEQN,FCEQN-4379,1.0,NC,-1.0,4,4.0
1671,FCEQN,FCEQN-8377,1.0,NC,-1.0,4,5.0
1672,FCEQN,FCEQN-8493,1.0,NC,-1.0,-1,-1.0
1673,FCEQN,FCEQN-8875,1.0,NC,-1.0,-1,-1.0
1674,FCEQN,FCEQN-8494,1.0,NC,-1.0,-1,-1.0
1675,FCEQN,FCEQN-8497,1.0,NC,-1.0,4,3.0
1676,FCEQN,FCEQN-8257,1.0,NC,-1.0,-1,-1.0
1677,FCEQN,FCEQN-8157,1.0,NC,-1.0,-1,-1.0
1678,FCEQN,FCEQN-8876,1.0,NC,1.0,-1,-1.0
1679,FCEQN,FCEQN-7604,1.0,NC,1.0,4,3.0
1680,FCEQN,FCEQN-5262,1.0,No,2.0,3,3.0
1681,FCEQN,FCEQN-5652,1.0,NC,-1.0,-1,-1.0
1682,FCEQN,FCEQN-2614,1.0,NC,-1.0,-1,-1.0
1683,FCEQN,FCEQN-8877,1.0,NC,-1.0,4,5.0
1684,FCEQN,FCEQN-8782,1.0,NC,-1.0,-1,-1.0
1685,FCEQN,FCEQN-4877,1.0,NC,-1.0,-1,-1.0
1686,FCEQN,FCEQN-5430,1.0,NC,-1.0,4,2.0
1687,FCEQN,FCEQN-8878,1.0,NC,-1.0,-1,-1.0
1688,FCEQN,FCEQN-8669,1.0,NC,-1.0,-1,-1.0
1689,FCEQN,FCEQN-8612,1.0,NC,-1.0,4,5.0
1690,FCEQN,FCEQN-5689,1.0,NC,-1.0,4,4.0
1691,FCEQN,FCEQN-8484,1.0,NC,-1.0,4,5.0
1692,FCEQN,FCEQN-7034,1.0,NC,-1.0,4,4.0
1693,FCEQN,FCEQN-7580,1.0,NC,-1.0,-1,-1.0
1694,FCEQN,FCEQN-8813,1.0,NC,-1.0,-1,-1.0
1695,FCEQN,FCEQN-8826,1.0,NC,-1.0,-1,-1.0
1696,FCEQN,FCEQN-4149,1.0,NC,-1.0,4,5.0
1697,FCEQN,FCEQN-8879,1.0,NC,-1.0,4,5.0
1698,FCEQN,4772,1.0,NC,-1.0,-1,-1.0
1699,FCEQN,FCEQN-5439,1.0,NC,-1.0,4,3.0
1700,FCEQN,FCEQN-8079,1.0,NC,-1.0,4,2.0
1701,FCEQN,FCEQN-8327,1.0,NC,-1.0,4,4.0
1702,FCEQN,FCEQN-8325,1.0,NC,1.0,4,5.0
1703,FCEQN,FCEQN-8740,2.0,NC,2.0,3,5.0
1704,FCEQN,FCEQN-8349,1.0,NC,-1.0,-1,-1.0
1705,FCEQN,FCEQN-7838,1.0,NC,-1.0,-1,-1.0
1706,FCEQN,FCEQN-8298,1.0,NC,-1.0,-1,-1.0
1707,FCEQN,FCEQN-2150,1.0,NC,1.0,-1,-1.0
1708,FCEQN,FCEQN-7530,1.0,NC,-1.0,-1,-1.0
1709,FCEQN,FCEQN-8771,1.0,NC,2.0,-1,1.0
1710,FCEQN,FCEQN-8770,1.0,NC,-1.0,-1,-1.0
1711,FCEQN,FCEQN-8816,1.0,NC,-1.0,-1,-1.0
1712,FCEQN,FCEQN-8593,1.0,NC,1.0,4,3.0
1713,FCEQN,FCEQN-8350,1.0,NC,-1.0,4,5.0
1714,FCEQN,FCEQN-8273,1.0,NC,1.0,4,3.0
1715,FCEQN,FCEQN-8440,1.0,NC,-1.0,-1,-1.0
1716,FCEQN,FCEQN-7866,1.0,NC,-1.0,4,5.0
1717,FCEQN,FCEQN-8880,1.0,NC,-1.0,-1,-1.0
1718,FCEQN,FCEQN-8060,1.0,No,4.0,4,3.0
1719,FCEQN,FCEQN-6269,1.0,NC,-1.0,4,7.0
1720,FCEQN,FCEQN-8296,1.0,NC,-1.0,-1,-1.0
1721,FCEQN,FCEQN-8584,1.0,NC,-1.0,-1,-1.0
1722,FCEQN,FCEQN-8881,1.0,NC,-1.0,-1,-1.0
1723,FCEQN,FCEQN-8331,1.0,NC,-1.0,-1,-1.0
1724,FCEQN,FCEQN-8168,1.0,NC,-1.0,-1,-1.0
1725,FCEQN,FCEQN-8417,1.0,NC,-1.0,-1,-1.0
1726,FCEQN,FCEQN-8882,1.0,NC,-1.0,1,5.0
1727,FCEQN,FCEQN-8849,1.0,NC,-1.0,-1,-1.0
1728,FCEQN,FCEQN-8170,1.0,NC,-1.0,4,7.0
1729,FCEQN,FCEQN-8410,1.0,NC,-1.0,-1,-1.0
1730,FCEQN,FCEQN-8511,1.0,NC,-1.0,-1,-1.0
1731,FCEQN,FCEQN-8502,1.0,NC,-1.0,-1,-1.0
1732,FCEQN,FCEQN-8412,1.0,NC,-1.0,-1,-1.0
1733,FCEQN,FCEQN-8302,1.0,NC,-1.0,-1,-1.0
1734,FCEQN,FCEQN-8425,1.0,NC,-1.0,4,7.0
1735,FCEQN,FCEQN-8883,1.0,NC,-1.0,-1,-1.0
1736,FCEQN,FCEQN-6164,1.0,NC,-1.0,-1,-1.0
1737,FCEQN,FCEQN-8426,1.0,NC,-1.0,4,7.0
1738,FCEQN,FCEQN-8245,1.0,NC,-1.0,-1,-1.0
1739,FCEQN,FCEQN-8605,1.0,NC,-1.0,-1,-1.0
1740,FCEQN,FCEQN-8477,1.0,NC,-1.0,-1,-1.0
1741,FCEQN,FCEQN-8251,1.0,NC,-1.0,4,5.0
1742,FCEQN,FCEQN-8741,1.0,NC,-1.0,4,5.0
1743,FCEQN,FCEQN-8509,1.0,NC,-1.0,-1,-1.0
1744,FCEQN,2010,1.0,NC,-1.0,-1,5.0
1745,FCEQN,FCEQN-8277,1.0,NC,-1.0,-1,1.0
1746,FCEQN,FCEQN-8758,1.0,NC,-1.0,-1,-1.0
1747,FCEQN,FCEQN-8321,1.0,NC,-1.0,-1,-1.0
1748,FCEQN,FCEQN-8351,1.0,NC,-1.0,-1,-1.0
1749,FCEQN,FCEQN-8358,1.0,NC,-1.0,-1,5.0
1750,FCEQN,FCEQN-7934,1.0,NC,-1.0,-1,-1.0
1751,FCEQN,FCEQN-8611,1.0,NC,-1.0,-1,-1.0
1752,FCEQN,FCEQN-8233,1.0,NC,-1.0,-1,-1.0
1753,FCEQN,FCEQN-8232,1.0,NC,3.0,1,5.0
1754,FCEQN,FCEQN-8226,1.0,NC,-1.0,-1,-1.0
1755,FCEQN,FCEQN-8802,1.0,NC,1.0,-1,-1.0
1756,FCEQN,FCEQN-8322,1.0,NC,-1.0,3,3.0
1757,FCEQN,FCEQN-8347,1.0,NC,-1.0,4,5.0
1758,FCEQN,FCEQN-6010,1.0,NC,1.0,-1,-1.0
1759,FCEQN,FCEQN-8285,1.0,NC,1.0,-1,-1.0
1760,FCEQN,FCEQN-8810,1.0,NC,2.0,4,5.0
1761,FCEQN,FCEQN-8505,1.0,NC,-1.0,4,5.0
1762,FCEQN,FCEQN-8661,1.0,Si,2.0,1,5.0
1763,FCEQN,FCEQN-7630,1.0,NC,1.0,4,3.0
1764,FCEQN,FCEQN-8774,1.0,NC,-1.0,-1,-1.0
1765,FCEQN,FCEQN-8181,1.0,NC,1.0,4,5.0
1766,FCEQN,FCEQN-8885,1.0,NC,-1.0,-1,-1.0
1767,FCEQN,FCEQN-8256,1.0,NC,-1.0,1,3.0
1768,FCEQN,FCEQN-8638,1.0,NC,-1.0,-1,-1.0
1769,FCEQN,FCEQN-7002,1.0,NC,-1.0,-1,-1.0
1770,FCEQN,FCEQN-8246,1.0,NC,-1.0,-1,7.0
1771,FCEQN,FCEQN-8750,1.0,NC,-1.0,-1,-1.0
1772,FCEQN,FCEQN-8762,1.0,NC,2.0,1,5.0
1773,FCEQN,FCEQN-8468,1.0,NC,2.0,-1,1.0
1774,FCEQN,FCEQN-8453,1.0,NC,4.0,-1,1.0
1775,FCEQN,FCEQN-8634,1.0,NC,-1.0,4,5.0
1776,FCEQN,FCEQN-8724,1.0,NC,4.0,1,3.0
1777,FCEQN,FCEQN-8166,1.0,NC,-1.0,-1,-1.0
1778,FCEQN,FCEQN-8487,1.0,NC,-1.0,-1,-1.0
1779,FCEQN,FCEQN-8704,1.0,NC,-1.0,-1,-1.0
1780,FCEQN,FCEQN-8248,1.0,1,3.0,1,3.0
1781,FCEQN,FCEQN-8282,1.0,NC,1.0,2,6.0
1782,FCEQN,FCEQN-8732,1.0,NC,2.0,1,5.0
1783,FCEQN,FCEQN-8757,1.0,NC,4.0,1,5.0
1784,FCEQN,FCEQN-8375,1.0,NC,1.0,-1,-1.0
1785,FCEQN,FCEQN-8376,1.0,NC,4.0,3,5.0
1786,FCEQN,FCEQN-8435,1.0,NC,1.0,4,3.0
1787,FCEQN,FCEQN-8292,1.0,No,2.0,3,3.0
1788,FCEQN,FCEQN-8339,1.0,No,3.0,3,7.0
1789,FCEQN,FCEQN-8886,1.0,NC,-1.0,4,5.0
1790,FCEQN,FCEQN-8399,1.0,NC,-1.0,-1,5.0
1791,FCEQN,FCEQN-8716,1.0,NC,-1.0,4,4.0
1792,FCEQN,FCEQN-8266,1.0,NC,-1.0,1,5.0
1793,FCEQN,FCEQN-8738,1.0,NC,-1.0,4,7.0
1794,FCEQN,FCEQN-8535,1.0,NC,-1.0,4,1.0
1795,FCEQN,FCEQN-8778,1.0,NC,-1.0,4,3.0
1796,FCEQN,FCEQN-8712,1.0,NC,-1.0,4,4.0
1797,FCEQN,FCEQN-8263,1.0,NC,-1.0,4,5.0
1798,FCEQN,FCEQN-8662,1.0,NC,-1.0,4,4.0
1799,FCEQN,FCEQN-8691,1.0,NC,-1.0,1,5.0
1800,FCEQN,FCEQN-8317,1.0,NC,-1.0,4,5.0
1801,FCEQN,FCEQN-8632,1.0,NC,4.0,4,5.0
1802,FCEQN,FCEQN-8346,1.0,NC,-1.0,4,5.0
1803,FCEQN,FCEQN-8822,1.0,NC,-1.0,4,5.0
1804,FCEQN,FCEQN-8197,1.0,NC,-1.0,1,5.0
1805,FCEQN,FCEQN-8330,1.0,NC,-1.0,4,4.0
1806,FCEQN,FCEQN-8682,1.0,NC,-1.0,4,3.0
1807,FCEQN,FCEQN-8687,1.0,NC,-1.0,4,3.0
1808,FCEQN,FCEQN-8305,1.0,NC,-1.0,-1,1.0
1809,FCEQN,FCEQN-8742,1.0,NC,1.0,4,3.0
1810,FCEQN,FCEQN-8730,1.0,NC,1.0,-1,-1.0
1811,FCEQN,FCEQN-8539,1.0,NC,2.0,-1,1.0
1812,FCEQN,FCEQN-5674,1.0,NC,1.0,4,5.0
1813,FCEQN,FCEQN-8856,1.0,NC,2.0,-1,7.0
1814,FCEQN,FCEQN-8809,1.0,NC,1.0,4,5.0
1815,FCEQN,FCEQN-8216,1.0,NC,-1.0,4,5.0
1816,FCEQN,FCEQN-8459,1.0,NC,-1.0,4,3.0
1817,FCEQN,FCEQN-8788,1.0,No,2.0,3,5.0
1818,FCEQN,FCEQN-8369,1.0,NC,1.0,3,5.0
1819,FCEQN,FCEQN-8507,1.0,NC,-1.0,4,5.0
1820,FCEQN,FCEQN-8708,1.0,NC,2.0,4,1.0
1821,FCEQN,FCEQN-8592,1.0,NC,-1.0,-1,-1.0
1822,FCEQN,FCEQN-8446,1.0,NC,-1.0,-1,-1.0
1823,FCEQN,FCEQN-8129,1.0,NC,4.0,3,-1.0
1824,FCEQN,FCEQN-8244,1.0,NC,2.0,4,3.0
1825,FCEQN,FCEQN-8700,1.0,NC,1.0,1,5.0
1826,FCEQN,FCEQN-8721,1.0,NC,2.0,3,3.0
1827,FCEQN,FCEQN-8183,1.0,NC,1.0,-1,1.0
1828,FCEQN,FCEQN-8275,1.0,NC,3.0,-1,1.0
1829,FCEQN,FCEQN-8255,1.0,Si,1.0,1,5.0
1830,FCEQN,FCEQN-5826,3.0,NC,1.0,4,3.0
1831,FCEQN,FCEQN-8619,1.0,NC,2.0,4,3.0
1832,FCEQN,FCEQN-8307,1.0,NC,-1.0,1,5.0
1833,FCEQN,FCEQN-7799,1.0,NC,-1.0,4,5.0
1834,FCEQN,FCEQN-8367,1.0,NC,-1.0,1,7.0
1835,FCEQN,FCEQN-8646,1.0,NC,1.0,4,3.0
1836,FCEQN,FCEQN-8644,1.0,NC,-1.0,4,3.0
1837,FCEQN,FCEQN-8516,1.0,NC,-1.0,1,3.0
1838,FCEQN,FCEQN-8208,1.0,NC,-1.0,-1,5.0
1839,FCEQN,FCEQN-8163,1.0,NC,-1.0,4,5.0
1840,FCEQN,FCEQN-8202,1.0,NC,-1.0,1,5.0
1841,FCEQN,FCEQN-8787,1.0,NC,-1.0,4,1.0
1842,FCEQN,FCEQN-8586,1.0,NC,-1.0,-1,7.0
1843,FCEQN,FCEQN-8312,1.0,NC,1.0,4,3.0
1844,FCEQN,FCEQN-8796,1.0,NC,-1.0,-1,1.0
1845,FCEQN,FCEQN-8495,1.0,NC,-1.0,4,7.0
1846,FCEQN,FCEQN-8441,1.0,NC,-1.0,4,3.0
1847,FCEQN,FCEQN-8833,1.0,NC,-1.0,4,5.0
1848,FCEQN,FCEQN-8627,1.0,NC,-1.0,4,3.0
1849,FCEQN,FCEQN-8165,1.0,NC,2.0,4,3.0
1850,FCEQN,FCEQN-8326,1.0,NC,-1.0,4,5.0
1851,FCEQN,FCEQN-8338,1.0,NC,-1.0,4,5.0
1852,FCEQN,FCEQN-8647,1.0,NC,-1.0,4,3.0
1853,FCEQN,FCEQN-8190,1.0,NC,-1.0,-1,7.0
1854,FCEQN,FCEQN-8193,1.0,NC,-1.0,4,3.0
1855,FCEQN,FCEQN-8203,1.0,NC,-1.0,-1,1.0
1856,FCEQN,FCEQN-8329,1.0,NC,3.0,4,4.0
1857,FCEQN,FCEQN-8540,1.0,NC,1.0,1,4.0
1858,FCEQN,FCEQN-8225,1.0,NC,3.0,4,2.0
1859,FCEQN,FCEQN-8792,1.0,NC,2.0,1,5.0
1860,FCEQN,FCEQN-8764,1.0,NC,2.0,4,5.0
1861,FCEQN,FCEQN-8711,1.0,NC,1.0,1,5.0
1862,FCEQN,FCEQN-7497,1.0,NC,1.0,1,5.0
1863,FCEQN,FCEQN-8289,1.0,NC,2.0,1,3.0
1864,FCEQN,FCEQN-8313,2.0,No,4.0,4,5.0
1865,FCEQN,FCEQN-8250,1.0,NC,1.0,4,3.0
1866,FCEQN,FCEQN-8391,1.0,NC,-1.0,-1,5.0
1867,FCEQN,FCEQN-8447,1.0,NC,2.0,4,5.0
1868,FCEQN,FCEQN-8214,1.0,NC,-1.0,4,5.0
1869,FCEQN,FCEQN-8221,1.0,NC,1.0,1,5.0
1870,FCEQN,FCEQN-8445,1.0,NC,-1.0,4,5.0
1871,FCEQN,FCEQN-8577,1.0,NC,-1.0,1,5.0
1872,FCEQN,FCEQN-8416,1.0,NC,-1.0,1,5.0
1873,FCEQN,FCEQN-8595,3.0,NC,-1.0,3,4.0
1874,FCEQN,FCEQN-8843,1.0,NC,-1.0,1,5.0
1875,FCEQN,FCEQN-8297,1.0,NC,1.0,4,5.0
1876,FCEQN,FCEQN-8583,1.0,NC,-1.0,4,5.0
1877,FCEQN,FCEQN-8594,1.0,NC,-1.0,4,2.0
1878,FCEQN,FCEQN-8402,5.0,No,3.0,3,3.0
1879,FCEQN,FCEQN-8512,1.0,NC,1.0,4,5.0
1880,FCEQN,FCEQN-8492,1.0,NC,1.0,4,5.0
1881,FCEQN,FCEQN-8340,1.0,NC,1.0,4,5.0
1882,FCEQN,FCEQN-8475,1.0,NC,4.0,-1,-1.0
1883,FCEQN,FCEQN-8777,1.0,NC,2.0,4,5.0
1884,FCEQN,FCEQN-8489,1.0,NC,1.0,4,4.0
1885,FCEQN,FCEQN-7905,1.0,NC,-1.0,4,5.0
1886,FCEQN,FCEQN-7690,1.0,NC,2.0,4,3.0
1887,FCEQN,FCEQN-8218,1.0,NC,-1.0,-1,-1.0
1888,FCEQN,FCEQN-8812,1.0,NC,-1.0,-1,1.0
1889,FCEQN,FCEQN-8570,1.0,NC,-1.0,4,4.0
1890,FCEQN,FCEQN-8303,1.0,NC,-1.0,1,3.0
1891,FCEQN,FCEQN-8308,1.0,NC,-1.0,4,5.0
1892,FCEQN,FCEQN-8274,1.0,NC,-1.0,4,5.0
1893,FCEQN,FCEQN-8567,1.0,NC,-1.0,1,5.0
1894,FCEQN,FCEQN-8490,1.0,NC,-1.0,1,5.0
1895,FCEQN,FCEQN-8408,1.0,NC,2.0,4,5.0
1896,FCEQN,FCEQN-8442,1.0,NC,-1.0,4,5.0
1897,FCEQN,FCEQN-8182,1.0,NC,-1.0,1,5.0
1898,FCEQN,FCEQN-8293,1.0,NC,-1.0,4,4.0
1899,FCEQN,FCEQN-8745,1.0,NC,-1.0,4,5.0
1900,FCEQN,FCEQN-8491,1.0,NC,-1.0,3,3.0
1901,FCEQN,FCEQN-8398,1.0,NC,-1.0,4,5.0
1902,FCEQN,FCEQN-8608,1.0,NC,-1.0,4,3.0
1903,FCEQN,FCEQN-8660,1.0,NC,1.0,4,4.0
1904,FCEQN,FCEQN-8538,1.0,NC,1.0,4,5.0
1905,FCEQN,FCEQN-8689,1.0,NC,-1.0,4,5.0
1906,FCEQN,FCEQN-8629,1.0,NC,1.0,1,3.0
1907,FCEQN,FCEQN-8534,1.0,NC,-1.0,4,3.0
1908,FCEQN,FCEQN-8415,1.0,NC,-1.0,4,3.0
1909,FCEQN,FCEQN-8409,1.0,NC,1.0,4,3.0
1910,FCEQN,FCEQN-8710,1.0,NC,-1.0,-1,3.0
1911,FCEQN,FCEQN-8164,1.0,NC,1.0,1,5.0
1912,FCEQN,FCEQN-8626,1.0,NC,-1.0,1,5.0
1913,FCEQN,FCEQN-8466,1.0,NC,-1.0,4,5.0
1914,FCEQN,FCEQN-8390,1.0,NC,-1.0,1,5.0
1915,FCEQN,FCEQN-8572,1.0,NC,-1.0,4,5.0
1916,FCEQN,FCEQN-7477,1.0,NC,2.0,4,7.0
1917,FCEQN,FCEQN-8653,1.0,NC,-1.0,-1,1.0
1918,FCEQN,FCEQN-7969,1.0,NC,-1.0,-1,1.0
1919,FCEQN,FCEQN-8194,1.0,NC,1.0,4,5.0
1920,FCEQN,FCEQN-8439,1.0,NC,-1.0,1,4.0
1921,FCEQN,FCEQN-8444,1.0,NC,-1.0,3,3.0
1922,FCEQN,FCEQN-7831,1.0,NC,1.0,1,5.0
1923,FCEQN,FCEQN-8694,1.0,NC,-1.0,-1,1.0
1924,FCEQN,FCEQN-8754,1.0,NC,-1.0,-1,-1.0
1925,FCEQN,FCEQN-8278,1.0,NC,-1.0,4,3.0
1926,FCEQN,FCEQN-8485,1.0,NC,-1.0,-1,1.0
1927,FCEQN,FCEQN-8733,1.0,NC,-1.0,4,4.0
1928,FCEQN,FCEQN-7867,1.0,NC,-1.0,1,5.0
1929,FCEQN,FCEQN-8783,1.0,NC,-1.0,4,5.0
1930,FCEQN,FCEQN-8685,1.0,NC,1.0,4,5.0
1931,FCEQN,FCEQN-7719,1.0,NC,-1.0,4,5.0
1932,FCEQN,FCEQN-8240,1.0,NC,-1.0,4,3.0
1933,FCEQN,FCEQN-8204,1.0,NC,1.0,1,3.0
1934,FCEQN,FCEQN-8703,1.0,NC,2.0,1,5.0
1935,FCEQN,FCEQN-8670,1.0,NC,-1.0,4,3.0
1936,FCEQN,FCEQN-8676,1.0,NC,-1.0,1,5.0
1937,FCEQN,FCEQN-8407,1.0,NC,-1.0,-1,4.0
1938,FCEQN,FCEQN-8780,1.0,NC,2.0,4,7.0
1939,FCEQN,FCEQN-8336,1.0,NC,-1.0,-1,-1.0
1940,FCEQN,FCEQN-8640,1.0,NC,1.0,-1,1.0
1941,FCEQN,FCEQN-8811,1.0,NC,4.0,1,5.0
1942,FCEQN,FCEQN-8607,1.0,NC,-1.0,4,5.0
1943,FCEQN,FCEQN-8355,1.0,NC,-1.0,4,5.0
1944,FCEQN,FCEQN-8551,1.0,NC,-1.0,4,3.0
1945,FCEQN,FCEQN-8354,1.0,NC,-1.0,4,7.0
1946,FCEQN,FCEQN-8458,1.0,NC,1.0,4,5.0
1947,FCEQN,FCEQN-8554,1.0,NC,-1.0,1,5.0
1948,FCEQN,FCEQN-8229,1.0,NC,1.0,4,3.0
1949,FCEQN,FCEQN-8747,1.0,NC,-1.0,4,5.0
1950,FCEQN,FCEQN-8449,1.0,NC,-1.0,4,4.0
1951,FCEQN,FCEQN-8337,1.0,NC,-1.0,-1,7.0
1952,FCEQN,FCEQN-8615,1.0,NC,1.0,1,7.0
1953,FCEQN,FCEQN-8360,1.0,NC,-1.0,4,4.0
1954,FCEQN,FCEQN-285,1.0,NC,2.0,1,5.0
1955,FCEQN,FCEQN-4631,1.0,NC,2.0,4,4.0
1956,FCEQN,FCEQN-8656,1.0,NC,4.0,3,4.0
1957,FCEQN,FCEQN-8301,1.0,NC,-1.0,1,5.0
1958,FCEQN,FCEQN-8486,1.0,NC,-1.0,4,5.0
1959,FCEQN,FCEQN-7513,1.0,NC,-1.0,-1,5.0
1960,FCEQN,FCEQN-8753,1.0,NC,-1.0,4,3.0
1961,FCEQN,FCEQN-8236,1.0,NC,1.0,4,5.0
1962,FCEQN,FCEQN-8727,1.0,NC,1.0,4,5.0
1963,FCEQN,FCEQN-8314,1.0,NC,2.0,4,3.0
1964,FCEQN,FCEQN-8546,1.0,NC,-1.0,-1,3.0
1965,FCEQN,FCEQN-8395,1.0,NC,1.0,4,3.0
1966,FCEQN,FCEQN-8633,3.0,NC,-1.0,-1,7.0
1967,FCEQN,FCEQN-8801,1.0,NC,1.0,4,5.0
1968,FCEQN,FCEQN-8827,1.0,NC,-1.0,3,4.0
1969,FCEQN,FCEQN-8069,1.0,NC,1.0,4,5.0
1970,FCEQN,FCEQN-8657,1.0,NC,-1.0,1,5.0
1971,FCEQN,FCEQN-8510,1.0,NC,-1.0,4,5.0
1972,FCEQN,FCEQN-8604,1.0,NC,1.0,1,5.0
1973,FCEQN,350,1.0,NC,-1.0,4,3.0
1974,FCEQN,FCEQN-1371,1.0,NC,-1.0,4,5.0
1975,FCEQN,FCEQN-5273,1.0,NC,-1.0,-1,3.0
1976,FCEQN,FCEQN-7603,1.0,NC,1.0,4,3.0
1977,FCEQN,FCEQN-8639,1.0,NC,1.0,4,5.0
1978,FCEQN,FCEQN-8527,1.0,NC,-1.0,3,4.0
1979,FCEQN,FCEQN-8316,1.0,NC,-1.0,4,5.0
1980,FCEQN,FCEQN-8729,1.0,No,4.0,3,5.0
1981,FCEQN,FCEQN-8463,1.0,NC,-1.0,4,3.0
1982,FCEQN,FCEQN-8755,1.0,NC,-1.0,4,3.0
1983,FCEQN,FCEQN-8172,1.0,NC,-1.0,4,3.0
1984,FCEQN,FCEQN-7922,1.0,NC,-1.0,1,5.0
1985,FCEQN,FCEQN-8259,1.0,NC,-1.0,4,5.0
1986,FCEQN,FCEQN-8651,1.0,NC,-1.0,4,5.0
1987,FCEQN,FCEQN-8557,1.0,NC,3.0,1,2.0
1988,FCEQN,FCEQN-8582,1.0,NC,1.0,-1,3.0
1989,FCEQN,FCEQN-7568,1.0,NC,-1.0,-1,-1.0
1990,FCEQN,FCEQN-8179,1.0,NC,2.0,4,5.0
1991,FCEQN,FCEQN-8187,1.0,NC,1.0,-1,-1.0
1992,FCEQN,FCEQN-8865,1.0,NC,-1.0,1,3.0
1993,FCEQN,FCEQN-8543,1.0,NC,-1.0,4,5.0
1994,FCEQN,FCEQN-8654,1.0,No,4.0,-1,5.0
1995,FCEQN,FCEQN-8888,1.0,NC,2.0,4,1.0
1996,FCEQN,FCEQN-8825,1.0,NC,-1.0,-1,-1.0
1997,FCEQN,FCEQN-8563,1.0,NC,-1.0,4,5.0
1998,FCEQN,FCEQN-8719,1.0,NC,-1.0,-1,4.0
1999,FCEQN,FCEQN-8542,1.0,NC,2.0,4,5.0
2000,FCEQN,FCEQN-8548,1.0,NC,2.0,1,3.0
2001,FCEQN,FCEQN-8434,1.0,NC,1.0,4,5.0
2002,FCEQN,FCEQN-8695,1.0,NC,1.0,4,5.0
2003,FCEQN,FCEQN-8311,1.0,NC,1.0,4,5.0
2004,FCEQN,FCEQN-8095,1.0,NC,2.0,1,5.0
2005,FCEQN,FCEQN-7990,1.0,NC,2.0,3,5.0
2006,FCEQN,FCEQN-8260,1.0,NC,1.0,4,5.0
2007,FCEQN,FCEQN-6248,1.0,NC,2.0,3,5.0
2008,FCEQN,FCEQN-6224,2.0,NC,1.0,3,3.0
2009,FCEQN,FCEQN-8789,1.0,NC,-1.0,-1,-1.0
2010,FCEQN,FCEQN-8424,1.0,NC,1.0,-1,-1.0
2011,FCEQN,FCEQN-6209,1.0,NC,-1.0,-1,-1.0
2012,FCEQN,FCEQN-8736,1.0,NC,-1.0,-1,-1.0
2013,FCEQN,FCEQN-8288,1.0,NC,-1.0,-1,1.0
2014,FCEQN,FCEQN-8722,1.0,No,4.0,3,5.0
2015,FCEQN,FCEQN-8889,1.0,NC,1.0,4,3.0
2016,FCEQN,FCEQN-720,1.0,NC,-1.0,1,5.0
2017,FCEQN,FCEQN-1652,1.0,NC,3.0,1,7.0
2018,FCEQN,FCEQN-3240,1.0,NC,2.0,2,5.0
2019,FCEQN,FCEQN-5208,1.0,NC,1.0,3,5.0
2020,FCEQN,FCEQN-5422,1.0,NC,2.0,-1,1.0
2021,FCEQN,FCEQN-5436,1.0,NC,-1.0,4,3.0
2022,FCEQN,FCEQN-5479,1.0,NC,1.0,-1,4.0
2023,FCEQN,FCEQN-5924,1.0,NC,1.0,1,3.0
2024,FCEQN,FCEQN-5962,1.0,NC,1.0,4,1.0
2025,FCEQN,FCEQN-5983,1.0,NC,-1.0,4,5.0
2026,FCEQN,FCEQN-6062,3.0,NC,1.0,3,7.0
2027,FCEQN,FCEQN-6162,1.0,NC,1.0,4,3.0
2028,FCEQN,FCEQN-6192,1.0,NC,-1.0,4,5.0
2029,FCEQN,FCEQN-6315,2.0,NC,4.0,1,1.0
2030,FCEQN,FCEQN-6393,1.0,NC,1.0,1,5.0
2031,FCEQN,FCEQN-6425,3.0,NC,-1.0,1,5.0
2032,FCEQN,FCEQN-6451,2.0,NC,-1.0,4,5.0
2033,FCEQN,FCEQN-6526,1.0,NC,1.0,4,5.0
2034,FCEQN,FCEQN-6541,1.0,NC,-1.0,4,3.0
2035,FCEQN,FCEQN-6774,1.0,NC,1.0,4,5.0
2036,FCEQN,FCEQN-6907,1.0,NC,1.0,1,5.0
2037,FCEQN,FCEQN-7001,1.0,NC,-1.0,4,5.0
2038,FCEQN,FCEQN-7139,1.0,NC,-1.0,4,4.0
2039,FCEQN,FCEQN-6222,1.0,NC,-1.0,4,3.0
2040,FCEQN,FCEQN-6751,1.0,NC,-1.0,4,5.0
2041,FCEQN,FCEQN-7260,1.0,NC,-1.0,4,3.0
2042,FCEQN,FCEQN-1755,1.0,NC,2.0,4,3.0
2043,FCEQN,FCEQN-3400,1.0,NC,-1.0,-1,5.0
2044,FCEQN,FCEQN-5448,1.0,NC,3.0,1,3.0
2045,FCEQN,FCEQN-5607,1.0,NC,2.0,4,5.0
2046,FCEQN,FCEQN-5721,1.0,NC,-1.0,4,5.0
2047,FCEQN,FCEQN-6182,1.0,NC,2.0,1,5.0
2048,FCEQN,FCEQN-6429,1.0,NC,-1.0,1,4.0
2049,FCEQN,FCEQN-6523,1.0,NC,2.0,1,5.0
2050,FCEQN,FCEQN-6875,1.0,NC,1.0,4,4.0
2051,FCEQN,FCEQN-6959,1.0,NC,2.0,4,5.0
2052,FCEQN,1439,1.0,NC,1.0,1,4.0
2053,FCEQN,FCEQN-5176,1.0,NC,1.0,1,3.0
2054,FCEQN,FCEQN-6036,1.0,NC,3.0,4,2.0
2055,FCEQN,FCEQN-6136,1.0,NC,3.0,4,5.0
2056,FCEQN,FCEQN-6163,1.0,NC,1.0,4,4.0
2057,FCEQN,FCEQN-6213,1.0,NC,1.0,1,7.0
2058,FCEQN,FCEQN-6247,1.0,NC,-1.0,4,3.0
2059,FCEQN,FCEQN-6386,1.0,NC,2.0,4,4.0
2060,FCEQN,FCEQN-6887,1.0,No,4.0,3,5.0
2061,FCEQN,FCEQN-7128,1.0,NC,1.0,1,5.0
2062,FCEQN,FCEQN-7168,3.0,NC,-1.0,3,5.0
2063,FCEQN,FCEQN-6154,1.0,NC,1.0,4,5.0
2064,FCEQN,FCEQN-7216,1.0,NC,4.0,4,3.0
2065,FCEQN,FCEQN-4700,1.0,NC,1.0,4,4.0
2066,FCEQN,FCEQN-4593,1.0,Si,4.0,1,5.0
2067,FCEQN,FCEQN-5453,1.0,NC,-1.0,-1,1.0
2068,FCEQN,FCEQN-4656,1.0,NC,1.0,4,5.0
2069,FCEQN,FCEQN-6424,1.0,NC,1.0,1,5.0
2070,FCEQN,FCEQN-6449,1.0,NC,-1.0,1,5.0
2071,FCEQN,FCEQN-6483,1.0,NC,1.0,4,2.0
2072,FCEQN,FCEQN-6485,1.0,NC,-1.0,-1,7.0
2073,FCEQN,FCEQN-6576,1.0,NC,1.0,1,5.0
2074,FCEQN,FCEQN-6804,1.0,NC,-1.0,4,4.0
2075,FCEQN,FCEQN-6854,1.0,NC,4.0,4,5.0
2076,FCEQN,FCEQN-6956,1.0,NC,2.0,1,3.0
2077,FCEQN,FCEQN-7053,1.0,NC,1.0,4,5.0
2078,FCEQN,FCEQN-7136,1.0,NC,-1.0,4,5.0
2079,FCEQN,FCEQN-7251,1.0,NC,1.0,4,3.0
2080,FCEQN,FCEQN-2647,1.0,NC,-1.0,4,3.0
2081,FCEQN,FCEQN-6957,1.0,NC,1.0,4,4.0
2082,FCEQN,FCEQN-6994,1.0,NC,-1.0,4,5.0
2083,FCEQN,FCEQN-7129,1.0,NC,1.0,4,5.0
2084,FCEQN,FCEQN-6658,1.0,NC,1.0,1,3.0
2085,FCEQN,FCEQN-3786,1.0,NC,2.0,1,5.0
2086,FCEQN,FCEQN-1524,1.0,NC,1.0,4,5.0
2087,FCEQN,FCEQN-4966,1.0,NC,-1.0,-1,1.0
2088,FCEQN,FCEQN-6270,1.0,NC,2.0,3,5.0
2089,FCEQN,FCEQN-692,1.0,NC,2.0,4,5.0
2090,FCEQN,6984,1.0,NC,1.0,4,7.0
2091,FCEQN,FCEQN-6560,1.0,NC,-1.0,1,4.0
2092,FCEQN,FCEQN-7105,1.0,NC,-1.0,4,4.0
2093,FCEQN,FCEQN-7116,1.0,NC,1.0,4,3.0
2094,FCEQN,FCEQN-3296,1.0,NC,-1.0,4,3.0
2095,FCEQN,FCEQN-5326,1.0,NC,1.0,1,5.0
2096,FCEQN,FCEQN-5362,1.0,No,4.0,3,5.0
2097,FCEQN,FCEQN-6981,1.0,NC,1.0,4,3.0
2098,FCEQN,FCEQN-7176,1.0,NC,-1.0,4,7.0
2099,FCEQN,FCEQN-6365,1.0,NC,4.0,1,5.0
2100,FCEQN,FCEQN-6517,1.0,NC,3.0,4,5.0
2101,FCEQN,FCEQN-6519,1.0,NC,1.0,4,5.0
2102,FCEQN,FCEQN-6522,1.0,NC,3.0,1,5.0
2103,FCEQN,FCEQN-7189,1.0,NC,-1.0,3,5.0
2104,FCEQN,FCEQN-1777,1.0,NC,-1.0,1,5.0
2105,FCEQN,FCEQN-5540,1.0,NC,-1.0,4,5.0
2106,FCEQN,FCEQN-6589,1.0,NC,2.0,4,5.0
2107,FCEQN,FCEQN-6691,1.0,NC,-1.0,4,5.0
2108,FCEQN,FCEQN-5836,1.0,NC,4.0,4,1.0
2109,FCEQN,FCEQN-5943,1.0,NC,-1.0,4,5.0
2110,FCEQN,FCEQN-6333,1.0,NC,-1.0,4,5.0
2111,FCEQN,FCEQN-6599,2.0,NC,1.0,-1,5.0
2112,FCEQN,FCEQN-7117,1.0,NC,2.0,1,7.0
2113,FCEQN,FCEQN-6004,3.0,NC,-1.0,4,5.0
2114,FCEQN,FCEQN-7037,1.0,NC,-1.0,-1,7.0
2115,FCEQN,FCEQN-7201,1.0,NC,-1.0,4,5.0
2116,FCEQN,FCEQN-6665,1.0,No,2.0,1,3.0
2117,FCEQN,FCEQN-6278,1.0,NC,3.0,3,3.0
2118,FCEQN,FCEQN-5474,1.0,NC,-1.0,-1,1.0
2119,FCEQN,FCEQN-6823,1.0,NC,3.0,4,5.0
2120,FCEQN,FCEQN-7223,1.0,NC,-1.0,4,3.0
2121,FCEQN,FCEQN-778,1.0,NC,1.0,1,5.0
2122,FCEQN,FCEQN-2395,1.0,NC,2.0,1,5.0
2123,FCEQN,FCEQN-2313,1.0,NC,1.0,4,5.0
2124,FCEQN,FCEQN-6458,1.0,NC,-1.0,4,5.0
2125,FCEQN,FCEQN-2127,1.0,NC,1.0,4,1.0
2126,FCEQN,FCEQN-6951,1.0,NC,1.0,1,3.0
2127,FCEQN,FCEQN-7011,1.0,NC,3.0,4,5.0
2128,FCEQN,FCEQN-7172,1.0,No,4.0,3,5.0
2129,FCEQN,FCEQN-4904,1.0,NC,2.0,1,5.0
2130,FCEQN,FCEQN-4980,1.0,NC,-1.0,4,7.0
2131,FCEQN,1041,1.0,NC,1.0,1,5.0
2132,FCEQN,FCEQN-4802,1.0,NC,1.0,-1,1.0
2133,FCEQN,FCEQN-6554,1.0,NC,-1.0,-1,1.0
2134,FCEQN,FCEQN-7264,1.0,NC,1.0,4,3.0
2135,FCEQN,FCEQN-6103,1.0,NC,2.0,4,3.0
2136,FCEQN,FCEQN-6377,1.0,NC,2.0,-1,1.0
2137,FCEQN,FCEQN-7242,1.0,NC,-1.0,1,2.0
2138,FCEQN,FCEQN-7133,1.0,NC,1.0,4,5.0
2139,FCEQN,FCEQN-6026,1.0,NC,4.0,-1,-1.0
2140,FCEQN,FCEQN-6669,1.0,NC,1.0,1,5.0
2141,FCEQN,FCEQN-7039,1.0,NC,2.0,4,5.0
2142,FCEQN,FCEQN-5571,1.0,NC,1.0,4,5.0
2143,FCEQN,FCEQN-5899,1.0,NC,2.0,4,5.0
2144,FCEQN,FCEQN-6421,1.0,NC,2.0,-1,1.0
2145,FCEQN,FCEQN-6614,1.0,Si,2.0,1,5.0
2146,FCEQN,FCEQN-5727,1.0,Si,2.0,1,3.0
2147,FCEQN,FCEQN-6171,1.0,NC,3.0,-1,1.0
2148,FCEQN,FCEQN-6139,1.0,NC,3.0,1,5.0
2149,FCEQN,FCEQN-7266,1.0,NC,-1.0,-1,-1.0
2150,FCEQN,FCEQN-6692,1.0,NC,-1.0,3,3.0
2151,FCEQN,FCEQN-6910,1.0,NC,-1.0,4,5.0
2152,FCEQN,FCEQN-6280,1.0,NC,-1.0,4,4.0
2153,FCEQN,FCEQN-6843,1.0,NC,-1.0,-1,-1.0
2154,FCEQN,FCEQN-5786,1.0,NC,-1.0,-1,1.0
2155,FCEQN,FCEQN-6409,1.0,NC,2.0,4,5.0
2156,FCEQN,FCEQN-7086,1.0,NC,-1.0,-1,1.0
2157,FCEQN,FCEQN-5865,1.0,NC,-1.0,-1,1.0
2158,FCEQN,FCEQN-7169,1.0,NC,-1.0,-1,-1.0
2159,FCEQN,FCEQN-7019,1.0,NC,-1.0,-1,-1.0
2160,FCEQN,FCEQN-4620,1.0,NC,2.0,4,5.0
2161,FCEQN,FCEQN-4707,1.0,NC,1.0,1,5.0
2162,FCEQN,FCEQN-4710,1.0,NC,1.0,1,2.0
2163,FCEQN,FCEQN-4711,1.0,No,4.0,3,5.0
2164,FCEQN,FCEQN-5200,1.0,NC,-1.0,1,5.0
2165,FCEQN,FCEQN-5202,1.0,NC,4.0,3,4.0
2166,FCEQN,FCEQN-5212,1.0,NC,-1.0,4,4.0
2167,FCEQN,FCEQN-5217,1.0,NC,-1.0,-1,-1.0
2168,FCEQN,FCEQN-5247,1.0,NC,1.0,4,5.0
2169,FCEQN,FCEQN-5253,1.0,Si,2.0,2,5.0
2170,FCEQN,FCEQN-5274,1.0,NC,-1.0,4,5.0
2171,FCEQN,FCEQN-5276,1.0,NC,-1.0,4,5.0
2172,FCEQN,FCEQN-5295,1.0,NC,-1.0,3,5.0
2173,FCEQN,FCEQN-5297,1.0,NC,4.0,1,4.0
2174,FCEQN,FCEQN-5298,1.0,NC,-1.0,-1,1.0
2175,FCEQN,FCEQN-5300,1.0,NC,1.0,1,5.0
2176,FCEQN,FCEQN-5301,1.0,NC,4.0,-1,1.0
2177,FCEQN,FCEQN-5302,1.0,NC,-1.0,-1,-1.0
2178,FCEQN,FCEQN-5304,1.0,NC,2.0,3,4.0
2179,FCEQN,FCEQN-5307,1.0,NC,-1.0,-1,-1.0
2180,FCEQN,FCEQN-5308,1.0,NC,-1.0,-1,-1.0
2181,FCEQN,FCEQN-5313,1.0,NC,-1.0,-1,1.0
2182,FCEQN,FCEQN-5323,1.0,NC,-1.0,-1,1.0
2183,FCEQN,FCEQN-5322,1.0,NC,-1.0,-1,-1.0
2184,FCEQN,FCEQN-5347,1.0,NC,-1.0,-1,-1.0
2185,FCEQN,FCEQN-5356,1.0,NC,-1.0,-1,-1.0
2186,FCEQN,FCEQN-5368,1.0,NC,-1.0,-1,-1.0
2187,FCEQN,FCEQN-5369,1.0,NC,-1.0,-1,-1.0
2188,FCEQN,FCEQN-5370,1.0,NC,-1.0,-1,7.0
2189,FCEQN,FCEQN-5371,1.0,NC,-1.0,-1,-1.0
2190,FCEQN,FCEQN-5372,1.0,NC,-1.0,-1,-1.0
2191,FCEQN,FCEQN-5373,1.0,NC,-1.0,-1,-1.0
2192,FCEQN,FCEQN-5374,1.0,NC,-1.0,-1,1.0
2193,FCEQN,FCEQN-5375,1.0,NC,-1.0,-1,-1.0
2194,FCEQN,FCEQN-5376,1.0,NC,-1.0,-1,1.0
2195,FCEQN,FCEQN-5377,1.0,NC,-1.0,-1,-1.0
2196,FCEQN,FCEQN-5378,1.0,NC,-1.0,-1,1.0
2197,FCEQN,FCEQN-5379,1.0,NC,-1.0,-1,-1.0
2198,FCEQN,FCEQN-5380,1.0,NC,-1.0,-1,-1.0
2199,FCEQN,FCEQN-5382,1.0,NC,-1.0,4,5.0
2200,FCEQN,FCEQN-5384,1.0,NC,-1.0,-1,-1.0
2201,FCEQN,FCEQN-5386,1.0,NC,-1.0,-1,-1.0
2202,FCEQN,FCEQN-5387,1.0,NC,-1.0,-1,7.0
2203,FCEQN,FCEQN-5390,1.0,NC,-1.0,-1,-1.0
2204,FCEQN,FCEQN-5399,1.0,NC,-1.0,-1,-1.0
2205,FCEQN,FCEQN-5414,1.0,NC,-1.0,-1,-1.0
2206,FCEQN,FCEQN-5446,1.0,NC,-1.0,-1,7.0
2207,FCEQN,FCEQN-5462,1.0,NC,-1.0,-1,7.0
2208,FCEQN,FCEQN-5470,1.0,NC,-1.0,-1,7.0
2209,FCEQN,FCEQN-5477,1.0,NC,-1.0,-1,-1.0
2210,FCEQN,FCEQN-5484,1.0,NC,-1.0,-1,-1.0
2211,FCEQN,FCEQN-5490,1.0,NC,-1.0,-1,7.0
2212,FCEQN,FCEQN-5493,1.0,NC,-1.0,-1,-1.0
2213,FCEQN,FCEQN-5495,1.0,NC,-1.0,-1,-1.0
2214,FCEQN,FCEQN-5508,1.0,NC,-1.0,-1,7.0
2215,FCEQN,FCEQN-5532,1.0,NC,-1.0,-1,7.0
2216,FCEQN,FCEQN-5206,1.0,NC,-1.0,-1,7.0
2217,FCEQN,FCEQN-5460,1.0,NC,-1.0,-1,-1.0
2218,FCEQN,FCEQN-5514,1.0,NC,-1.0,-1,-1.0
2219,FCEQN,FCEQN-5552,1.0,NC,-1.0,-1,-1.0
2220,FCEQN,FCEQN-5563,1.0,NC,-1.0,-1,1.0
2221,FCEQN,FCEQN-5574,1.0,NC,-1.0,-1,-1.0
2222,FCEQN,FCEQN-5575,1.0,NC,-1.0,-1,-1.0
2223,FCEQN,FCEQN-5586,1.0,NC,-1.0,-1,1.0
2224,FCEQN,FCEQN-5615,1.0,NC,-1.0,-1,-1.0
2225,FCEQN,FCEQN-5620,1.0,NC,-1.0,-1,-1.0
2226,FCEQN,FCEQN-5626,1.0,NC,-1.0,4,5.0
2227,FCEQN,FCEQN-5643,1.0,NC,-1.0,-1,-1.0
2228,FCEQN,FCEQN-5649,1.0,NC,-1.0,-1,-1.0
2229,FCEQN,FCEQN-5685,1.0,NC,-1.0,-1,-1.0
2230,FCEQN,FCEQN-5698,1.0,NC,-1.0,1,2.0
2231,FCEQN,FCEQN-5710,1.0,NC,-1.0,-1,-1.0
2232,FCEQN,FCEQN-5714,1.0,NC,-1.0,-1,-1.0
2233,FCEQN,FCEQN-5715,1.0,NC,-1.0,4,7.0
2234,FCEQN,FCEQN-5716,1.0,NC,-1.0,-1,-1.0
2235,FCEQN,FCEQN-5750,1.0,NC,-1.0,4,3.0
2236,FCEQN,FCEQN-5760,1.0,NC,-1.0,-1,-1.0
2237,FCEQN,FCEQN-5761,1.0,NC,-1.0,-1,-1.0
2238,FCEQN,FCEQN-5764,1.0,NC,-1.0,-1,1.0
2239,FCEQN,FCEQN-5769,1.0,NC,-1.0,-1,-1.0
2240,FCEQN,FCEQN-6258,1.0,NC,-1.0,-1,1.0
2241,FCEQN,6068,1.0,NC,-1.0,-1,1.0
2242,FCEQN,1822,1.0,NC,-1.0,-1,-1.0
2243,FCEQN,60,1.0,NC,-1.0,-1,-1.0
2244,FCEQN,FCEQN-8890,1.0,NC,-1.0,-1,1.0
2245,FCEQN,FCEQN-8891,1.0,NC,-1.0,-1,-1.0
2246,FCEQN,FCEQN-8892,1.0,NC,-1.0,-1,-1.0
2247,FCEQN,FCEQN-8894,1.0,NC,-1.0,1,5.0
2248,FCEQN,FCEQN-8895,1.0,NC,-1.0,-1,-1.0
2249,FCEQN,4305,1.0,NC,-1.0,-1,-1.0
2250,FCEQN,FCEQN-8896,1.0,NC,-1.0,4,3.0
2251,FCEQN,4171,1.0,NC,-1.0,-1,7.0
2252,FCEQN,4319,1.0,NC,2.0,1,5.0
2253,FCEQN,6960,1.0,NC,-1.0,-1,-1.0
2254,FCEQN,FCEQN-3404,1.0,NC,-1.0,-1,-1.0
2255,FCEQN,5853,1.0,NC,-1.0,4,5.0
2256,FCEQN,5849,1.0,NC,-1.0,1,7.0
2257,FCEQN,6816,1.0,NC,4.0,1,5.0
2258,FCEQN,FCEQN-3459,1.0,NC,-1.0,1,5.0
2259,FCEQN,FCEQN-2505,1.0,NC,-1.0,-1,-1.0
2260,FCEQN,FCEQN-8897,1.0,NC,1.0,1,2.0
2261,FCEQN,FCEQN-8898,1.0,NC,-1.0,-1,-1.0
2262,FCEQN,FCEQN-8899,1.0,NC,-1.0,-1,1.0
2263,FCEQN,FCEQN-8900,1.0,NC,-1.0,-1,1.0
2264,FCEQN,FCEQN-8901,1.0,No,2.0,-1,5.0
2265,FCEQN,FCEQN-8902,2.0,NC,4.0,3,5.0
2266,FCEQN,FCEQN-8903,1.0,NC,-1.0,-1,-1.0
2267,FCEQN,FCEQN-8904,1.0,NC,-1.0,-1,-1.0
2268,FCEQN,4941,1.0,NC,-1.0,-1,1.0
2269,FCEQN,FCEQN-8905,1.0,NC,-1.0,-1,1.0
2270,FCEQN,FCEQN-8906,1.0,NC,-1.0,-1,-1.0
2271,FCEQN,FCEQN-8907,1.0,NC,-1.0,-1,-1.0
2272,FCEQN,128,1.0,NC,-1.0,-1,-1.0
2273,FCEQN,FCEQN-6112,1.0,NC,4.0,1,3.0
2274,FCEQN,FCEQN-3866,1.0,NC,-1.0,3,5.0
2275,FCEQN,FCEQN-4392,1.0,NC,-1.0,1,7.0
2276,FCEQN,FCEQN-1834,1.0,NC,-1.0,-1,-1.0
2277,FCEQN,FCEQN-6057,1.0,No,1.0,-1,5.0
2278,FCEQN,FCEQN-6070,1.0,NC,-1.0,-1,-1.0
2279,FCEQN,FCEQN-7412,1.0,NC,4.0,-1,-1.0
2280,FCEQN,FCEQN-8173,1.0,NC,-1.0,-1,-1.0
2281,FCEQN,FCEQN-8698,1.0,NC,4.0,1,5.0
2282,FCEQN,FCEQN-8427,1.0,NC,-1.0,-1,-1.0
2283,FCEQN,FCEQN-8359,1.0,NC,-1.0,-1,-1.0
2284,FCEQN,FCEQN-8790,1.0,NC,-1.0,1,3.0
2285,FCEQN,FCEQN-8385,1.0,NC,-1.0,-1,-1.0
2286,FCEQN,FCEQN-8474,1.0,NC,-1.0,-1,-1.0
2287,FCEQN,FCEQN-8761,1.0,NC,-1.0,3,3.0
2288,FCEQN,FCEQN-8437,1.0,NC,-1.0,-1,1.0
2289,FCEQN,FCEQN-8465,1.0,No,2.0,3,5.0
2290,FCEQN,FCEQN-8781,1.0,NC,-1.0,-1,-1.0
2291,FCEQN,FCEQN-8365,1.0,NC,-1.0,-1,-1.0
2292,FCEQN,FCEQN-8684,1.0,NC,-1.0,-1,1.0
2293,FCEQN,FCEQN-8457,1.0,NC,-1.0,-1,1.0
2294,FCEQN,FCEQN-8436,1.0,NC,-1.0,-1,-1.0
2295,FCEQN,FCEQN-8601,1.0,NC,-1.0,-1,-1.0
2296,FCEQN,FCEQN-8524,1.0,NC,-1.0,-1,-1.0
2297,FCEQN,FCEQN-8243,1.0,NC,-1.0,-1,-1.0
2298,FCEQN,FCEQN-8207,1.0,NC,-1.0,-1,7.0
2299,FCEQN,FCEQN-8167,1.0,NC,-1.0,-1,-1.0
2300,FCEQN,FCEQN-8323,1.0,NC,-1.0,-1,-1.0
2301,FCEQN,FCEQN-8701,1.0,NC,-1.0,-1,-1.0
2302,FCEQN,FCEQN-8281,1.0,NC,-1.0,-1,7.0
2303,FCEQN,FCEQN-8622,1.0,NC,-1.0,-1,-1.0
2304,FCEQN,FCEQN-8272,1.0,NC,-1.0,1,5.0
2305,FCEQN,FCEQN-8306,1.0,NC,-1.0,-1,-1.0
2306,FCEQN,FCEQN-8821,1.0,NC,-1.0,-1,-1.0
2307,FCEQN,FCEQN-8637,1.0,NC,-1.0,-1,-1.0
2308,FCEQN,FCEQN-8504,1.0,NC,-1.0,-1,-1.0
2309,FCEQN,FCEQN-8422,1.0,NC,-1.0,4,7.0
2310,FCEQN,FCEQN-8364,1.0,NC,-1.0,-1,-1.0
2311,FCEQN,FCEQN-8177,1.0,NC,-1.0,3,3.0
2312,FCEQN,FCEQN-8834,1.0,NC,-1.0,-1,-1.0
2313,FCEQN,FCEQN-7369,1.0,NC,-1.0,-1,-1.0
2314,FCEQN,FCEQN-0059,1.0,NC,-1.0,-1,1.0
2315,FCEQN,FCEQN-0019,1.0,NC,-1.0,-1,-1.0
