,sexo,nacionalidad,edad,regular,cnt_readmisiones,calidad,inactividad,estado_civil,sit_lab_alumno,tipo_res_alumno,sit_lab_padres,estudios_padres
0,2,1.0,33,S,1.0,A,1,1.0,NC,-1.0,-1,-1.0
1,2,1.0,35,N,2.0,A,6,1.0,NC,-1.0,-1,-1.0
2,1,1.0,35,N,2.0,P,1,1.0,N,1.0,3,3.0
3,2,1.0,34,N,2.0,A,1,3.0,NC,-1.0,-1,-1.0
4,2,1.0,38,S,1.0,A,1,1.0,NC,-1.0,-1,-1.0
5,2,1.0,33,N,0.0,P,1,1.0,NC,-1.0,-1,-1.0
6,1,1.0,38,S,0.0,A,1,1.0,NC,-1.0,-1,-1.0
7,2,1.0,33,N,1.0,P,1,1.0,NC,-1.0,-1,-1.0
8,2,1.0,34,S,2.0,A,1,2.0,NC,-1.0,-1,-1.0
9,2,1.0,33,S,0.0,P,0,1.0,NC,-1.0,-1,-1.0
10,1,-1.0,34,S,0.0,A,0,1.0,NC,-1.0,-1,-1.0
11,2,1.0,34,N,0.0,P,0,1.0,NC,-1.0,-1,-1.0
12,1,1.0,42,N,0.0,A,0,2.0,NC,-1.0,-1,-1.0
13,1,1.0,33,N,1.0,A,0,1.0,NC,-1.0,-1,-1.0
14,1,1.0,32,S,0.0,A,0,1.0,NC,-1.0,-1,-1.0
15,2,1.0,32,N,2.0,P,0,1.0,NC,-1.0,-1,-1.0
16,1,1.0,32,N,2.0,P,0,1.0,NC,-1.0,-1,-1.0
17,2,1.0,32,N,0.0,P,0,1.0,NC,-1.0,-1,-1.0
18,1,1.0,32,S,2.0,A,0,1.0,NC,-1.0,-1,-1.0
19,2,1.0,32,S,0.0,P,1,2.0,NC,-1.0,-1,-1.0
20,2,1.0,32,N,1.0,A,1,1.0,NC,-1.0,-1,-1.0
21,1,1.0,35,N,2.0,A,1,1.0,NC,-1.0,-1,-1.0
22,1,1.0,35,N,1.0,P,1,1.0,N,1.0,-1,5.0
23,2,1.0,35,S,1.0,P,1,1.0,NC,-1.0,-1,-1.0
24,1,1.0,42,S,1.0,A,1,1.0,NC,-1.0,-1,-1.0
25,2,1.0,35,S,1.0,A,1,1.0,NC,2.0,-1,-1.0
26,2,1.0,33,N,0.0,P,1,1.0,N,1.0,3,4.0
27,2,1.0,35,S,1.0,P,1,1.0,NC,-1.0,-1,-1.0
28,1,1.0,34,S,2.0,A,1,1.0,NC,-1.0,-1,-1.0
29,2,1.0,33,S,1.0,P,1,2.0,NC,1.0,-1,-1.0
30,2,1.0,33,N,1.0,P,1,1.0,NC,-1.0,-1,-1.0
31,2,1.0,35,N,1.0,P,1,1.0,NC,-1.0,-1,-1.0
32,1,1.0,33,N,1.0,P,1,1.0,NC,-1.0,-1,-1.0
33,2,1.0,38,N,0.0,P,1,1.0,N,2.0,1,5.0
34,1,1.0,35,N,0.0,P,1,1.0,N,2.0,3,1.0
35,2,1.0,35,N,0.0,P,6,1.0,NC,-1.0,-1,-1.0
36,2,1.0,34,N,2.0,A,1,1.0,NC,-1.0,-1,-1.0
37,1,1.0,36,S,1.0,P,1,1.0,NC,-1.0,-1,-1.0
38,1,1.0,33,S,1.0,A,1,1.0,NC,-1.0,-1,-1.0
39,1,1.0,32,S,1.0,P,0,1.0,NC,-1.0,-1,-1.0
40,2,1.0,42,N,2.0,P,1,1.0,NC,-1.0,-1,-1.0
41,2,1.0,33,S,1.0,A,1,1.0,NC,-1.0,-1,-1.0
42,1,1.0,32,S,1.0,A,1,1.0,NC,-1.0,-1,-1.0
43,1,1.0,31,S,1.0,A,0,1.0,NC,-1.0,-1,-1.0
44,1,1.0,32,S,2.0,P,0,1.0,NC,-1.0,-1,-1.0
45,2,1.0,32,S,2.0,P,1,1.0,NC,-1.0,-1,-1.0
46,1,1.0,32,S,2.0,P,0,1.0,NC,-1.0,-1,-1.0
47,1,1.0,33,S,0.0,A,1,1.0,NC,-1.0,-1,-1.0
48,1,1.0,33,S,1.0,A,1,1.0,NC,-1.0,-1,-1.0
49,2,1.0,35,S,2.0,P,1,1.0,NC,-1.0,-1,-1.0
50,2,1.0,33,S,1.0,P,1,1.0,N,1.0,3,7.0
51,1,1.0,34,S,2.0,A,1,1.0,NC,-1.0,-1,-1.0
52,2,1.0,35,S,1.0,P,1,1.0,N,1.0,3,7.0
53,2,1.0,33,S,1.0,A,1,1.0,N,1.0,3,5.0
54,1,1.0,34,N,0.0,P,0,1.0,NC,1.0,-1,-1.0
55,1,1.0,33,N,1.0,P,1,1.0,N,1.0,1,6.0
56,2,1.0,32,N,2.0,A,0,1.0,N,2.0,4,7.0
57,2,1.0,32,S,1.0,P,0,1.0,NC,2.0,-1,-1.0
58,2,1.0,42,S,1.0,P,1,1.0,NC,-1.0,-1,-1.0
59,1,1.0,38,N,1.0,P,1,1.0,N,1.0,4,4.0
60,1,1.0,38,N,2.0,A,1,1.0,NC,1.0,-1,-1.0
61,2,1.0,32,N,2.0,A,0,1.0,N,1.0,1,7.0
62,2,1.0,32,N,1.0,P,0,1.0,NC,1.0,-1,-1.0
63,2,1.0,34,S,1.0,A,1,1.0,N,1.0,3,5.0
64,1,1.0,34,N,0.0,P,1,1.0,NC,-1.0,1,2.0
65,2,1.0,32,S,0.0,A,1,1.0,S,1.0,1,5.0
66,2,1.0,30,N,2.0,P,0,1.0,NC,1.0,-1,-1.0
67,2,1.0,33,S,0.0,A,2,1.0,NC,-1.0,-1,-1.0
68,1,1.0,31,S,1.0,P,0,1.0,NC,1.0,-1,-1.0
69,2,1.0,31,N,2.0,P,0,1.0,NC,1.0,-1,-1.0
70,1,1.0,31,S,1.0,A,0,1.0,NC,2.0,-1,-1.0
71,1,1.0,35,S,2.0,P,5,1.0,N,2.0,3,3.0
72,2,1.0,32,S,1.0,P,1,1.0,N,2.0,1,5.0
73,2,1.0,34,S,2.0,P,1,1.0,NC,-1.0,-1,-1.0
74,1,1.0,33,N,1.0,P,1,1.0,N,1.0,1,5.0
75,2,1.0,33,S,0.0,A,1,1.0,S,1.0,1,4.0
76,1,1.0,32,S,1.0,P,0,1.0,S,1.0,5,5.0
77,2,1.0,32,S,0.0,P,1,1.0,S,1.0,5,3.0
78,2,1.0,35,N,1.0,P,1,1.0,N,1.0,1,5.0
79,1,1.0,39,S,1.0,P,10,1.0,N,1.0,3,5.0
80,1,1.0,32,S,2.0,P,1,2.0,S,1.0,4,5.0
81,1,1.0,32,N,2.0,P,0,1.0,N,1.0,3,5.0
82,2,1.0,35,S,0.0,A,1,1.0,NC,-1.0,-1,-1.0
83,1,1.0,32,N,2.0,P,0,1.0,N,1.0,1,3.0
84,2,1.0,35,S,1.0,A,5,2.0,NC,1.0,-1,-1.0
85,1,1.0,35,N,1.0,P,5,1.0,N,1.0,3,3.0
86,2,1.0,33,S,1.0,A,1,1.0,NC,-1.0,-1,-1.0
87,2,1.0,34,N,1.0,P,0,1.0,NC,-1.0,-1,-1.0
88,2,1.0,38,S,2.0,P,1,1.0,N,2.0,3,3.0
89,1,1.0,32,S,0.0,A,0,1.0,N,1.0,1,5.0
90,2,1.0,31,N,1.0,P,0,1.0,N,2.0,4,3.0
91,1,1.0,32,N,1.0,A,0,1.0,N,1.0,3,5.0
92,2,1.0,33,S,1.0,A,0,2.0,N,1.0,1,6.0
93,2,1.0,34,S,1.0,P,1,1.0,S,3.0,1,5.0
94,1,1.0,42,S,0.0,A,0,2.0,NC,-1.0,-1,-1.0
95,2,1.0,33,S,2.0,A,1,1.0,NC,1.0,-1,-1.0
96,2,1.0,34,N,0.0,P,1,1.0,N,4.0,3,7.0
97,2,1.0,33,S,1.0,P,1,1.0,NC,1.0,-1,-1.0
98,1,1.0,36,N,2.0,P,1,1.0,NC,1.0,-1,-1.0
99,2,1.0,33,N,0.0,A,1,1.0,NC,1.0,-1,-1.0
100,1,1.0,34,S,2.0,P,4,1.0,NC,2.0,-1,-1.0
101,2,1.0,34,S,1.0,A,0,1.0,NC,1.0,-1,-1.0
102,2,1.0,39,N,1.0,P,0,1.0,N,2.0,3,5.0
103,2,1.0,35,S,2.0,P,1,1.0,NC,1.0,-1,-1.0
104,2,1.0,34,S,2.0,P,1,1.0,NC,2.0,-1,-1.0
105,2,1.0,34,N,1.0,P,1,1.0,NC,1.0,-1,-1.0
106,2,1.0,31,N,1.0,P,0,1.0,NC,2.0,-1,-1.0
107,1,1.0,43,S,1.0,P,1,1.0,S,1.0,5,7.0
108,2,1.0,29,S,1.0,A,1,1.0,S,2.0,5,7.0
109,2,1.0,31,N,0.0,P,2,1.0,N,2.0,3,3.0
110,2,1.0,30,S,1.0,P,2,1.0,NC,1.0,-1,-1.0
111,1,3.0,31,S,1.0,P,2,1.0,N,2.0,4,5.0
112,2,1.0,30,N,2.0,P,1,1.0,NC,1.0,-1,-1.0
113,2,1.0,30,S,1.0,A,1,1.0,S,1.0,4,3.0
114,2,1.0,42,S,1.0,A,0,1.0,N,1.0,3,5.0
115,1,1.0,29,S,0.0,A,1,1.0,NC,2.0,-1,-1.0
116,1,1.0,29,S,1.0,P,1,1.0,N,1.0,4,3.0
117,2,1.0,31,S,1.0,A,2,1.0,N,1.0,1,7.0
118,1,1.0,31,N,1.0,P,1,1.0,NC,1.0,-1,-1.0
119,1,1.0,29,S,2.0,A,1,1.0,N,1.0,1,5.0
120,1,1.0,30,S,0.0,A,1,1.0,S,3.0,3,3.0
121,1,1.0,30,N,0.0,A,1,1.0,NC,1.0,-1,-1.0
122,1,1.0,30,N,2.0,P,1,1.0,NC,1.0,1,3.0
123,1,1.0,29,N,1.0,P,1,1.0,NC,1.0,3,3.0
124,1,1.0,31,S,0.0,A,2,1.0,NC,-1.0,-1,-1.0
125,2,1.0,31,S,1.0,A,2,1.0,NC,1.0,-1,-1.0
126,2,1.0,34,S,1.0,P,5,1.0,NC,2.0,-1,3.0
127,2,1.0,30,N,1.0,A,1,1.0,NC,2.0,1,5.0
128,1,1.0,29,S,1.0,P,1,1.0,NC,2.0,-1,-1.0
129,1,1.0,29,S,2.0,A,1,1.0,NC,-1.0,-1,-1.0
130,2,1.0,31,N,1.0,P,2,1.0,NC,2.0,3,3.0
131,2,1.0,30,S,1.0,A,2,1.0,NC,-1.0,-1,-1.0
132,2,1.0,31,S,2.0,P,2,1.0,NC,-1.0,-1,-1.0
133,1,1.0,36,N,1.0,P,1,1.0,N,1.0,3,7.0
134,1,1.0,37,S,1.0,A,9,1.0,NC,1.0,-1,-1.0
135,2,1.0,30,N,1.0,A,0,1.0,NC,-1.0,-1,-1.0
136,2,1.0,29,N,1.0,P,0,1.0,NC,-1.0,-1,-1.0
137,2,1.0,29,S,0.0,A,1,1.0,NC,-1.0,-1,-1.0
138,1,1.0,29,N,1.0,P,1,1.0,NC,-1.0,-1,-1.0
139,1,1.0,35,N,2.0,P,1,1.0,NC,1.0,3,5.0
140,2,1.0,35,S,1.0,P,1,1.0,NC,-1.0,-1,-1.0
141,2,1.0,30,N,2.0,P,2,1.0,NC,-1.0,-1,-1.0
142,2,1.0,29,S,1.0,A,1,1.0,NC,-1.0,-1,-1.0
143,1,1.0,28,S,1.0,A,1,1.0,NC,-1.0,-1,-1.0
144,1,1.0,29,N,2.0,P,1,1.0,NC,1.0,-1,-1.0
145,2,1.0,28,S,1.0,P,1,1.0,NC,-1.0,-1,-1.0
146,1,1.0,29,N,1.0,P,1,1.0,NC,-1.0,-1,-1.0
147,1,1.0,28,N,1.0,P,1,1.0,NC,2.0,1,5.0
148,2,1.0,28,N,0.0,A,1,1.0,NC,-1.0,-1,-1.0
149,1,1.0,28,S,2.0,P,1,1.0,NC,-1.0,-1,-1.0
150,1,1.0,29,N,0.0,P,1,1.0,NC,-1.0,-1,-1.0
151,2,1.0,28,S,0.0,P,1,1.0,NC,-1.0,-1,-1.0
152,2,1.0,28,S,0.0,P,1,1.0,NC,-1.0,3,2.0
153,2,1.0,29,N,1.0,A,1,1.0,NC,-1.0,1,5.0
154,2,1.0,29,N,0.0,P,1,1.0,NC,-1.0,-1,-1.0
155,1,1.0,36,S,2.0,P,1,1.0,NC,-1.0,-1,-1.0
156,1,1.0,42,N,0.0,P,0,1.0,NC,-1.0,1,3.0
157,2,1.0,32,N,0.0,P,4,1.0,NC,1.0,1,5.0
158,2,1.0,34,N,2.0,A,0,1.0,NC,2.0,3,5.0
159,1,1.0,35,N,1.0,P,1,1.0,NC,-1.0,-1,-1.0
160,1,1.0,50,S,1.0,P,17,1.0,NC,2.0,3,3.0
161,2,1.0,35,N,2.0,P,1,1.0,NC,-1.0,-1,-1.0
162,2,1.0,30,S,0.0,A,0,1.0,NC,1.0,-1,-1.0
163,2,1.0,27,S,2.0,P,0,1.0,NC,1.0,3,5.0
164,2,1.0,29,S,1.0,P,1,1.0,NC,2.0,1,7.0
165,1,1.0,27,N,2.0,P,0,1.0,NC,-1.0,-1,-1.0
166,2,1.0,28,S,1.0,A,0,1.0,NC,-1.0,-1,-1.0
167,2,1.0,28,S,0.0,A,0,1.0,NC,-1.0,-1,-1.0
168,2,1.0,27,S,2.0,A,0,1.0,NC,-1.0,1,5.0
169,1,1.0,28,S,1.0,A,0,1.0,NC,-1.0,-1,-1.0
170,2,1.0,27,N,1.0,P,0,1.0,NC,1.0,1,5.0
171,2,1.0,32,S,1.0,A,2,1.0,NC,-1.0,-1,-1.0
172,2,1.0,28,S,1.0,A,0,1.0,NC,-1.0,3,5.0
173,2,1.0,27,N,1.0,P,0,1.0,NC,-1.0,-1,-1.0
174,2,1.0,33,S,0.0,A,0,1.0,NC,-1.0,1,5.0
175,2,1.0,27,S,1.0,A,0,1.0,NC,1.0,1,3.0
176,2,1.0,28,N,1.0,A,0,1.0,NC,-1.0,-1,-1.0
177,2,1.0,27,N,1.0,P,0,1.0,NC,1.0,1,5.0
178,2,1.0,27,N,1.0,P,0,1.0,NC,-1.0,-1,-1.0
179,2,1.0,28,S,1.0,P,0,1.0,NC,1.0,1,5.0
180,2,1.0,28,N,0.0,P,0,1.0,NC,-1.0,-1,-1.0
181,1,1.0,33,N,2.0,P,4,1.0,NC,-1.0,-1,-1.0
182,2,1.0,28,N,1.0,P,1,1.0,NC,-1.0,-1,-1.0
183,2,1.0,32,S,1.0,P,6,1.0,NC,-1.0,3,5.0
184,2,1.0,29,S,2.0,P,1,1.0,NC,2.0,1,3.0
185,2,1.0,27,S,1.0,P,0,2.0,NC,1.0,3,3.0
186,2,1.0,38,N,1.0,P,1,1.0,NC,-1.0,1,5.0
187,2,1.0,27,N,0.0,A,0,1.0,NC,-1.0,3,3.0
188,2,1.0,27,N,0.0,A,0,1.0,NC,-1.0,-1,-1.0
189,2,1.0,28,S,2.0,P,0,1.0,NC,-1.0,3,5.0
190,2,1.0,28,S,2.0,P,0,1.0,NC,2.0,5,1.0
191,1,1.0,33,N,1.0,P,6,1.0,NC,-1.0,-1,-1.0
192,1,1.0,27,N,1.0,P,0,1.0,NC,-1.0,-1,-1.0
193,2,1.0,28,N,0.0,P,0,1.0,NC,-1.0,1,5.0
194,1,1.0,28,N,0.0,A,1,1.0,NC,1.0,3,5.0
195,2,1.0,27,S,1.0,P,0,1.0,NC,1.0,1,7.0
196,1,1.0,27,S,1.0,A,0,1.0,NC,-1.0,3,5.0
197,1,1.0,28,N,1.0,A,0,1.0,NC,-1.0,-1,-1.0
198,2,1.0,27,S,0.0,A,0,1.0,NC,-1.0,-1,-1.0
199,2,1.0,27,N,0.0,A,0,1.0,NC,1.0,-1,-1.0
200,2,1.0,27,S,1.0,P,0,1.0,NC,-1.0,-1,-1.0
201,1,1.0,36,N,1.0,P,0,1.0,NC,-1.0,1,5.0
202,2,1.0,27,N,0.0,A,0,1.0,NC,1.0,3,5.0
203,1,1.0,28,S,2.0,A,0,1.0,NC,1.0,3,7.0
204,2,1.0,29,S,0.0,A,0,1.0,NC,1.0,1,5.0
205,1,1.0,27,N,1.0,P,0,1.0,NC,-1.0,-1,-1.0
206,2,1.0,29,S,1.0,P,0,1.0,NC,-1.0,-1,-1.0
207,2,1.0,28,S,2.0,A,0,1.0,NC,1.0,-1,-1.0
208,2,1.0,27,S,1.0,A,0,1.0,NC,-1.0,-1,-1.0
209,1,1.0,27,S,0.0,P,0,1.0,NC,-1.0,-1,-1.0
210,2,1.0,27,S,2.0,A,0,1.0,NC,-1.0,-1,-1.0
211,1,1.0,27,S,1.0,P,0,1.0,NC,-1.0,-1,-1.0
212,2,1.0,27,S,2.0,P,0,2.0,NC,1.0,-1,-1.0
213,2,1.0,39,S,1.0,P,9,1.0,NC,-1.0,-1,-1.0
214,1,1.0,27,S,2.0,P,0,1.0,NC,1.0,3,3.0
215,1,1.0,30,N,0.0,P,0,1.0,NC,-1.0,-1,-1.0
216,2,1.0,27,N,1.0,A,0,1.0,NC,1.0,3,5.0
217,2,1.0,29,N,0.0,A,0,1.0,NC,-1.0,-1,-1.0
218,2,1.0,29,S,0.0,A,1,1.0,NC,-1.0,-1,-1.0
219,1,1.0,27,N,0.0,P,0,1.0,NC,-1.0,-1,-1.0
220,1,1.0,33,S,0.0,A,0,1.0,NC,-1.0,-1,-1.0
221,1,1.0,28,N,2.0,P,0,1.0,NC,-1.0,-1,-1.0
222,1,1.0,28,S,2.0,A,0,1.0,NC,-1.0,-1,-1.0
223,2,1.0,28,S,2.0,P,1,1.0,NC,-1.0,-1,-1.0
224,1,1.0,27,N,2.0,A,0,1.0,NC,-1.0,1,7.0
225,2,1.0,28,S,0.0,P,0,1.0,NC,-1.0,1,7.0
226,1,1.0,27,N,2.0,P,0,1.0,NC,-1.0,1,3.0
227,1,1.0,28,N,0.0,A,0,1.0,NC,2.0,1,7.0
228,1,1.0,28,S,1.0,P,0,1.0,NC,1.0,3,5.0
229,1,1.0,27,S,1.0,P,0,1.0,NC,1.0,3,3.0
230,1,1.0,29,S,2.0,A,1,1.0,NC,-1.0,1,5.0
231,1,1.0,28,S,1.0,P,0,1.0,NC,-1.0,-1,-1.0
232,1,1.0,28,S,2.0,A,1,1.0,NC,-1.0,-1,-1.0
233,2,1.0,28,N,0.0,A,0,1.0,NC,-1.0,-1,-1.0
234,1,1.0,28,N,2.0,P,0,1.0,NC,-1.0,3,3.0
235,2,1.0,28,S,2.0,P,0,1.0,NC,-1.0,3,6.0
236,1,1.0,27,S,1.0,A,0,1.0,NC,-1.0,-1,-1.0
237,2,1.0,28,S,1.0,A,0,1.0,NC,-1.0,-1,-1.0
238,2,1.0,28,N,0.0,A,0,1.0,NC,-1.0,1,7.0
239,1,1.0,26,S,1.0,P,0,1.0,NC,-1.0,-1,-1.0
240,1,1.0,30,N,1.0,P,1,1.0,NC,1.0,1,5.0
241,1,1.0,28,S,1.0,P,0,1.0,NC,1.0,-1,-1.0
242,2,1.0,28,S,0.0,A,1,1.0,NC,-1.0,-1,-1.0
243,2,1.0,32,S,2.0,A,0,1.0,NC,-1.0,-1,-1.0
244,1,1.0,28,S,2.0,A,0,1.0,NC,-1.0,-1,-1.0
245,1,1.0,29,S,1.0,A,2,1.0,NC,-1.0,-1,-1.0
246,2,1.0,29,S,2.0,P,2,1.0,NC,-1.0,-1,-1.0
247,2,1.0,27,N,1.0,P,0,1.0,NC,-1.0,-1,-1.0
248,2,1.0,27,S,0.0,P,0,1.0,NC,-1.0,-1,-1.0
249,1,1.0,37,N,1.0,A,2,1.0,NC,-1.0,-1,-1.0
250,2,1.0,40,S,1.0,A,2,1.0,NC,-1.0,-1,-1.0
251,1,1.0,27,S,1.0,P,1,1.0,NC,-1.0,-1,-1.0
252,2,1.0,28,N,2.0,P,0,1.0,NC,-1.0,-1,-1.0
253,1,1.0,29,S,0.0,A,1,1.0,NC,-1.0,-1,-1.0
254,1,1.0,32,N,1.0,P,0,1.0,NC,-1.0,-1,-1.0
255,1,1.0,27,S,1.0,A,0,1.0,NC,-1.0,-1,-1.0
256,1,1.0,27,N,0.0,A,1,1.0,NC,-1.0,-1,-1.0
257,1,1.0,27,N,2.0,P,0,1.0,NC,-1.0,-1,-1.0
258,1,1.0,29,N,0.0,P,1,1.0,NC,-1.0,-1,-1.0
259,2,1.0,29,S,0.0,A,1,1.0,NC,-1.0,-1,-1.0
260,1,1.0,28,N,2.0,P,0,1.0,NC,1.0,3,3.0
261,2,1.0,29,S,2.0,A,1,2.0,NC,-1.0,3,3.0
262,2,1.0,27,N,1.0,P,0,1.0,NC,-1.0,-1,-1.0
263,2,1.0,30,N,2.0,A,2,1.0,NC,-1.0,-1,-1.0
264,1,1.0,27,N,1.0,A,1,1.0,NC,1.0,3,3.0
265,2,1.0,27,N,1.0,P,1,1.0,NC,-1.0,-1,-1.0
266,2,1.0,28,N,1.0,P,0,1.0,NC,1.0,3,7.0
267,1,1.0,29,S,1.0,A,2,1.0,NC,1.0,1,6.0
268,1,1.0,27,N,1.0,A,1,1.0,NC,-1.0,-1,-1.0
269,2,1.0,28,N,1.0,P,0,1.0,NC,-1.0,-1,-1.0
270,2,1.0,28,N,1.0,A,4,1.0,NC,-1.0,-1,-1.0
271,2,1.0,28,S,1.0,A,2,1.0,NC,-1.0,-1,-1.0
272,2,1.0,29,S,2.0,A,0,1.0,NC,-1.0,-1,-1.0
273,1,1.0,27,S,2.0,P,1,1.0,NC,-1.0,-1,-1.0
274,1,1.0,27,S,0.0,P,0,1.0,NC,-1.0,-1,-1.0
275,1,1.0,27,S,1.0,P,0,1.0,NC,-1.0,3,3.0
276,1,1.0,27,N,2.0,A,0,1.0,NC,-1.0,-1,-1.0
277,2,1.0,28,N,1.0,P,0,1.0,NC,-1.0,-1,-1.0
278,1,1.0,27,S,2.0,A,0,1.0,NC,-1.0,-1,-1.0
279,2,1.0,27,S,0.0,A,0,1.0,NC,1.0,-1,-1.0
280,1,1.0,28,S,2.0,P,1,1.0,S,2.0,-1,4.0
281,2,1.0,28,S,1.0,P,0,1.0,NC,-1.0,3,3.0
282,1,1.0,28,S,1.0,A,0,1.0,NC,-1.0,-1,-1.0
283,1,1.0,27,N,1.0,A,0,1.0,NC,-1.0,-1,-1.0
284,2,2.0,27,S,1.0,P,0,1.0,NC,-1.0,-1,-1.0
285,2,1.0,29,S,2.0,A,2,1.0,NC,-1.0,-1,-1.0
286,1,1.0,39,S,1.0,A,10,1.0,NC,-1.0,-1,-1.0
287,2,1.0,29,S,1.0,A,2,1.0,NC,2.0,3,4.0
288,1,1.0,28,N,2.0,A,0,1.0,NC,-1.0,-1,-1.0
289,2,1.0,27,N,1.0,P,0,1.0,NC,-1.0,-1,-1.0
290,1,1.0,28,S,1.0,P,1,1.0,NC,2.0,3,4.0
291,1,1.0,28,S,1.0,P,1,1.0,NC,1.0,1,3.0
292,2,1.0,30,S,1.0,P,4,1.0,NC,1.0,3,5.0
293,2,1.0,27,N,1.0,P,0,1.0,NC,-1.0,-1,-1.0
294,1,1.0,27,N,2.0,A,0,1.0,NC,-1.0,-1,-1.0
295,2,1.0,27,S,2.0,P,0,1.0,NC,1.0,3,3.0
296,2,1.0,27,S,2.0,A,0,1.0,NC,-1.0,-1,-1.0
297,2,1.0,28,S,1.0,P,0,1.0,NC,2.0,3,5.0
298,1,1.0,27,N,2.0,A,0,1.0,NC,1.0,1,5.0
299,2,1.0,27,N,1.0,A,0,1.0,NC,1.0,3,3.0
300,2,1.0,27,N,1.0,P,0,1.0,NC,-1.0,-1,-1.0
301,2,1.0,30,N,0.0,P,1,1.0,NC,1.0,3,5.0
302,2,1.0,52,S,0.0,A,3,1.0,NC,-1.0,-1,-1.0
303,2,1.0,27,N,0.0,P,0,1.0,NC,-1.0,-1,-1.0
304,2,1.0,28,N,0.0,A,0,1.0,NC,-1.0,-1,-1.0
305,2,1.0,28,S,0.0,P,0,1.0,NC,-1.0,-1,-1.0
306,2,1.0,28,N,1.0,P,0,1.0,NC,-1.0,-1,-1.0
307,1,1.0,28,N,0.0,A,1,1.0,NC,1.0,3,5.0
308,2,1.0,27,N,1.0,P,0,1.0,NC,2.0,1,7.0
309,2,1.0,27,N,2.0,A,0,1.0,NC,1.0,3,3.0
310,1,1.0,49,S,1.0,A,0,1.0,NC,-1.0,-1,-1.0
311,2,1.0,29,S,2.0,P,1,1.0,NC,-1.0,-1,-1.0
312,2,1.0,29,N,0.0,P,2,1.0,NC,1.0,-1,-1.0
313,2,1.0,27,S,1.0,P,0,1.0,NC,-1.0,-1,-1.0
314,1,1.0,29,S,2.0,A,0,1.0,NC,-1.0,-1,-1.0
315,2,1.0,28,S,1.0,A,0,1.0,NC,1.0,3,7.0
316,2,1.0,27,N,1.0,P,0,1.0,NC,-1.0,-1,-1.0
317,2,1.0,28,S,0.0,A,2,1.0,NC,-1.0,-1,-1.0
318,1,1.0,28,S,1.0,A,0,1.0,NC,1.0,3,3.0
319,1,1.0,28,S,2.0,A,1,1.0,NC,-1.0,-1,-1.0
320,1,1.0,27,N,1.0,A,0,1.0,NC,-1.0,-1,-1.0
321,2,1.0,27,S,1.0,A,0,1.0,NC,-1.0,-1,-1.0
322,2,1.0,28,S,2.0,A,0,1.0,NC,1.0,3,4.0
323,2,1.0,30,S,1.0,A,3,1.0,NC,1.0,3,3.0
324,2,1.0,27,S,2.0,P,1,1.0,NC,1.0,3,5.0
325,1,1.0,27,N,1.0,P,1,1.0,NC,-1.0,-1,-1.0
326,1,1.0,26,N,2.0,P,0,1.0,NC,-1.0,-1,-1.0
327,1,1.0,27,N,1.0,P,0,1.0,NC,2.0,1,5.0
328,1,1.0,28,N,1.0,P,0,1.0,NC,-1.0,-1,-1.0
329,2,1.0,27,N,0.0,P,0,1.0,NC,-1.0,-1,-1.0
330,2,1.0,27,N,1.0,P,0,1.0,NC,1.0,3,5.0
331,1,2.0,27,N,2.0,P,0,1.0,NC,-1.0,3,5.0
332,1,1.0,28,S,1.0,A,0,1.0,NC,-1.0,-1,-1.0
333,2,1.0,28,S,0.0,A,0,1.0,NC,-1.0,-1,-1.0
334,2,1.0,28,S,1.0,P,0,1.0,NC,-1.0,-1,-1.0
335,2,1.0,28,S,0.0,A,0,1.0,NC,1.0,-1,-1.0
336,1,1.0,28,N,2.0,A,2,1.0,NC,-1.0,3,5.0
337,2,1.0,52,S,1.0,A,25,1.0,NC,1.0,3,7.0
338,1,1.0,27,N,0.0,P,0,1.0,NC,1.0,4,3.0
339,2,1.0,35,S,1.0,P,9,1.0,NC,1.0,3,5.0
340,2,1.0,63,S,1.0,P,37,1.0,NC,-1.0,-1,-1.0
341,2,1.0,29,N,2.0,P,1,1.0,NC,-1.0,3,5.0
342,2,2.0,27,N,2.0,P,0,1.0,NC,1.0,1,7.0
343,2,1.0,27,N,2.0,P,0,1.0,NC,2.0,3,7.0
344,1,1.0,27,S,2.0,A,0,1.0,NC,-1.0,-1,-1.0
345,2,1.0,27,N,0.0,P,0,1.0,NC,1.0,1,5.0
346,1,1.0,27,N,1.0,P,0,1.0,NC,-1.0,-1,-1.0
347,2,1.0,28,N,1.0,P,0,1.0,NC,-1.0,-1,-1.0
348,2,1.0,27,N,0.0,A,1,1.0,NC,1.0,3,3.0
349,1,1.0,28,S,1.0,A,0,1.0,NC,-1.0,-1,-1.0
350,2,1.0,28,N,0.0,P,0,1.0,NC,1.0,-1,-1.0
351,1,1.0,29,N,0.0,P,2,1.0,NC,1.0,-1,-1.0
352,1,1.0,27,S,2.0,P,0,1.0,NC,-1.0,-1,-1.0
353,1,1.0,27,S,0.0,A,0,1.0,NC,1.0,-1,-1.0
354,2,1.0,41,N,2.0,A,1,1.0,NC,-1.0,-1,-1.0
355,2,1.0,36,S,1.0,A,1,1.0,NC,1.0,-1,-1.0
356,2,1.0,49,S,1.0,P,0,1.0,NC,-1.0,-1,-1.0
357,2,1.0,43,N,2.0,P,1,1.0,NC,1.0,3,5.0
358,2,1.0,39,S,2.0,A,0,1.0,NC,-1.0,-1,-1.0
359,1,1.0,40,S,1.0,P,2,1.0,NC,1.0,-1,-1.0
360,1,1.0,38,N,1.0,A,1,1.0,NC,-1.0,-1,-1.0
361,1,1.0,37,N,1.0,P,2,1.0,NC,-1.0,-1,-1.0
362,2,1.0,36,S,2.0,P,1,1.0,NC,-1.0,-1,-1.0
363,1,1.0,36,S,0.0,A,1,1.0,NC,1.0,-1,-1.0
364,1,1.0,38,N,2.0,P,1,1.0,NC,1.0,-1,-1.0
365,2,1.0,42,N,1.0,A,0,1.0,NC,-1.0,-1,-1.0
366,1,1.0,42,N,1.0,A,0,1.0,NC,-1.0,3,5.0
367,1,1.0,52,N,2.0,P,3,1.0,NC,-1.0,-1,-1.0
368,1,1.0,41,N,1.0,P,1,1.0,NC,2.0,1,5.0
369,1,1.0,36,S,0.0,A,1,1.0,NC,1.0,1,5.0
370,1,1.0,50,S,0.0,A,17,1.0,NC,-1.0,-1,-1.0
371,2,1.0,38,S,2.0,A,1,1.0,NC,-1.0,-1,-1.0
372,1,1.0,35,S,2.0,A,1,1.0,NC,-1.0,3,5.0
373,2,1.0,34,N,2.0,P,1,1.0,NC,-1.0,-1,-1.0
374,2,1.0,36,S,1.0,A,1,1.0,NC,-1.0,-1,-1.0
375,2,2.0,35,N,2.0,P,1,1.0,NC,1.0,-1,-1.0
376,2,1.0,35,N,2.0,A,1,1.0,NC,-1.0,-1,-1.0
377,1,1.0,35,S,0.0,A,1,1.0,NC,-1.0,-1,-1.0
378,1,1.0,33,N,0.0,A,1,1.0,NC,1.0,1,5.0
379,2,1.0,32,S,0.0,P,0,1.0,NC,-1.0,1,5.0
380,2,1.0,32,N,0.0,A,0,1.0,NC,-1.0,-1,-1.0
381,2,1.0,32,N,1.0,A,0,1.0,NC,-1.0,3,5.0
382,2,1.0,32,S,2.0,P,0,1.0,NC,-1.0,-1,-1.0
383,1,1.0,33,N,1.0,A,0,1.0,NC,-1.0,-1,-1.0
384,1,1.0,32,S,1.0,A,0,1.0,NC,-1.0,-1,-1.0
385,2,1.0,34,N,2.0,P,0,1.0,NC,-1.0,-1,-1.0
386,2,1.0,42,N,1.0,P,0,1.0,NC,-1.0,-1,-1.0
387,2,1.0,32,N,0.0,P,1,1.0,NC,-1.0,1,5.0
388,1,1.0,32,S,1.0,P,1,1.0,NC,3.0,3,3.0
389,1,1.0,33,S,2.0,A,1,1.0,NC,1.0,3,5.0
390,2,1.0,33,N,0.0,P,1,1.0,NC,-1.0,3,5.0
391,1,1.0,33,S,1.0,A,1,1.0,NC,-1.0,1,5.0
392,1,1.0,32,N,2.0,P,1,1.0,NC,-1.0,-1,-1.0
393,2,1.0,33,S,2.0,A,1,1.0,NC,-1.0,-1,-1.0
394,1,1.0,35,S,2.0,P,6,1.0,NC,-1.0,-1,-1.0
395,2,1.0,35,N,0.0,P,1,1.0,NC,2.0,3,3.0
396,2,1.0,34,S,0.0,A,1,1.0,NC,-1.0,-1,-1.0
397,1,1.0,35,S,1.0,P,1,1.0,NC,-1.0,-1,-1.0
398,1,1.0,42,N,2.0,P,1,1.0,NC,2.0,1,5.0
399,2,1.0,31,S,1.0,A,0,1.0,NC,2.0,3,5.0
400,1,1.0,31,N,0.0,P,0,1.0,NC,1.0,3,5.0
401,2,1.0,32,S,0.0,A,0,1.0,NC,2.0,1,5.0
402,2,1.0,30,N,0.0,P,0,1.0,NC,-1.0,-1,-1.0
403,2,1.0,33,S,1.0,P,2,1.0,NC,1.0,3,3.0
404,1,1.0,31,S,1.0,A,0,1.0,NC,-1.0,-1,-1.0
405,2,1.0,31,S,1.0,P,0,1.0,NC,-1.0,-1,-1.0
406,1,1.0,29,N,1.0,A,1,1.0,NC,1.0,1,4.0
407,2,1.0,31,N,0.0,P,2,1.0,NC,-1.0,-1,-1.0
408,2,1.0,30,S,1.0,A,2,1.0,NC,1.0,3,7.0
409,2,1.0,31,N,0.0,A,2,1.0,NC,-1.0,-1,-1.0
410,2,1.0,30,S,1.0,P,1,1.0,NC,2.0,3,3.0
411,2,1.0,30,N,1.0,P,1,1.0,NC,-1.0,-1,-1.0
412,2,1.0,29,N,0.0,A,1,1.0,NC,2.0,3,5.0
413,1,1.0,29,S,1.0,P,1,1.0,NC,1.0,3,4.0
414,2,1.0,31,S,0.0,A,2,1.0,NC,2.0,1,7.0
415,1,1.0,31,N,0.0,A,1,1.0,NC,2.0,1,7.0
416,2,1.0,29,S,1.0,A,1,1.0,NC,-1.0,-1,-1.0
417,2,1.0,30,N,2.0,P,1,1.0,NC,-1.0,-1,-1.0
418,2,1.0,30,N,1.0,A,1,1.0,NC,1.0,1,4.0
419,2,1.0,29,S,2.0,A,1,1.0,NC,1.0,3,3.0
420,1,1.0,31,S,1.0,P,2,1.0,NC,-1.0,-1,-1.0
421,2,1.0,31,S,0.0,A,2,1.0,NC,-1.0,-1,-1.0
422,2,1.0,34,S,0.0,A,5,1.0,NC,-1.0,-1,-1.0
423,2,1.0,30,N,2.0,P,1,1.0,NC,1.0,3,5.0
424,2,1.0,29,N,1.0,P,1,1.0,NC,1.0,3,3.0
425,2,1.0,29,N,0.0,P,1,1.0,NC,-1.0,-1,-1.0
426,1,1.0,31,N,2.0,P,2,1.0,NC,-1.0,-1,-1.0
427,1,1.0,30,N,0.0,P,2,1.0,NC,-1.0,-1,-1.0
428,2,1.0,31,S,1.0,P,2,1.0,NC,-1.0,-1,-1.0
429,2,1.0,37,N,1.0,A,9,1.0,NC,-1.0,-1,-1.0
430,1,1.0,29,S,2.0,P,0,1.0,NC,1.0,3,3.0
431,2,1.0,30,S,0.0,A,0,1.0,NC,-1.0,-1,-1.0
432,2,1.0,29,N,1.0,P,0,1.0,NC,-1.0,-1,-1.0
433,2,1.0,29,N,1.0,P,1,1.0,NC,-1.0,-1,-1.0
434,2,1.0,30,S,0.0,A,2,1.0,NC,1.0,3,5.0
435,1,1.0,29,N,1.0,P,1,1.0,NC,2.0,1,5.0
436,1,1.0,28,S,0.0,P,1,1.0,NC,1.0,3,5.0
437,1,1.0,29,S,2.0,P,1,1.0,NC,-1.0,-1,-1.0
438,1,1.0,28,S,1.0,P,1,1.0,NC,-1.0,3,3.0
439,1,1.0,29,S,2.0,P,1,1.0,NC,-1.0,-1,-1.0
440,1,1.0,28,S,0.0,A,1,1.0,NC,-1.0,-1,-1.0
441,2,2.0,28,N,1.0,P,1,1.0,NC,1.0,3,5.0
442,1,1.0,28,S,0.0,A,1,1.0,NC,2.0,3,5.0
443,2,1.0,28,N,0.0,P,1,1.0,NC,-1.0,-1,-1.0
444,1,1.0,28,N,2.0,P,1,1.0,NC,-1.0,-1,-1.0
445,2,1.0,29,N,0.0,P,1,1.0,NC,2.0,1,5.0
446,2,1.0,32,S,1.0,A,4,1.0,NC,-1.0,-1,-1.0
447,2,1.0,30,N,1.0,A,0,1.0,NC,-1.0,-1,-1.0
448,1,1.0,27,S,1.0,A,0,1.0,NC,2.0,1,3.0
449,2,1.0,30,S,1.0,P,1,1.0,NC,1.0,1,3.0
450,2,1.0,29,N,1.0,P,1,1.0,NC,1.0,3,3.0
451,2,2.0,28,S,2.0,P,0,1.0,NC,2.0,3,4.0
452,2,1.0,27,N,1.0,A,0,1.0,NC,1.0,1,5.0
453,2,2.0,27,S,0.0,A,0,1.0,NC,-1.0,-1,-1.0
454,2,1.0,27,S,1.0,A,0,1.0,NC,-1.0,-1,-1.0
455,2,1.0,28,S,1.0,A,0,1.0,NC,-1.0,-1,-1.0
456,1,1.0,28,S,2.0,A,0,1.0,NC,1.0,3,5.0
457,1,1.0,27,S,0.0,A,0,1.0,NC,2.0,1,3.0
458,2,1.0,28,S,0.0,A,0,1.0,NC,1.0,3,3.0
459,2,1.0,27,N,0.0,P,0,1.0,NC,1.0,3,3.0
460,2,1.0,29,S,1.0,P,0,1.0,NC,2.0,3,3.0
461,1,1.0,32,S,1.0,A,2,1.0,NC,1.0,-1,-1.0
462,1,1.0,28,S,2.0,A,0,1.0,NC,1.0,3,3.0
463,2,1.0,28,S,2.0,A,0,1.0,NC,-1.0,-1,-1.0
464,2,1.0,27,N,1.0,P,0,1.0,NC,-1.0,-1,-1.0
465,1,1.0,33,S,1.0,A,0,1.0,NC,-1.0,-1,-1.0
466,2,2.0,27,S,2.0,A,0,1.0,S,1.0,1,5.0
467,2,1.0,27,N,0.0,P,0,1.0,NC,1.0,1,3.0
468,2,1.0,27,N,0.0,P,0,1.0,NC,2.0,1,3.0
469,1,1.0,27,S,2.0,P,0,1.0,NC,-1.0,-1,-1.0
470,2,1.0,28,N,1.0,A,0,1.0,NC,1.0,-1,-1.0
471,2,1.0,29,N,1.0,P,1,1.0,NC,1.0,3,3.0
472,1,1.0,27,N,0.0,P,0,1.0,NC,4.0,1,3.0
473,2,1.0,27,N,1.0,P,0,1.0,NC,-1.0,-1,-1.0
474,1,1.0,27,N,1.0,P,0,2.0,NC,1.0,1,3.0
475,1,1.0,28,N,0.0,P,0,1.0,NC,1.0,-1,-1.0
476,2,1.0,28,N,2.0,P,0,1.0,NC,-1.0,-1,-1.0
477,2,1.0,33,S,2.0,A,4,1.0,NC,2.0,-1,-1.0
478,2,2.0,28,S,2.0,P,1,1.0,NC,1.0,-1,-1.0
479,2,1.0,32,N,0.0,P,6,1.0,S,1.0,3,5.0
480,2,1.0,29,N,2.0,A,1,1.0,NC,1.0,1,5.0
481,1,1.0,27,S,1.0,A,0,1.0,NC,-1.0,-1,-1.0
482,2,1.0,27,S,1.0,A,0,1.0,NC,1.0,1,7.0
483,1,1.0,27,S,0.0,A,0,1.0,NC,1.0,-1,-1.0
484,1,1.0,27,N,1.0,A,0,1.0,N,1.0,3,5.0
485,1,1.0,28,S,1.0,P,0,1.0,NC,1.0,1,5.0
486,1,1.0,27,S,1.0,P,0,1.0,NC,2.0,1,5.0
487,1,1.0,28,N,1.0,A,0,1.0,NC,2.0,1,7.0
488,1,1.0,33,S,0.0,P,6,1.0,NC,2.0,3,4.0
489,1,1.0,27,S,1.0,A,0,1.0,NC,1.0,1,4.0
490,1,1.0,27,S,2.0,A,0,1.0,NC,-1.0,1,5.0
491,2,1.0,28,S,0.0,A,0,1.0,NC,2.0,1,5.0
492,2,1.0,27,S,2.0,A,0,1.0,NC,1.0,1,5.0
493,2,1.0,27,N,1.0,P,0,1.0,NC,-1.0,1,3.0
494,2,1.0,27,S,1.0,P,0,1.0,NC,2.0,3,4.0
495,1,1.0,28,S,1.0,A,1,1.0,NC,2.0,1,5.0
496,1,1.0,27,N,1.0,A,0,1.0,NC,1.0,1,5.0
497,2,1.0,28,S,1.0,P,0,1.0,NC,2.0,1,7.0
498,2,1.0,28,N,1.0,A,1,1.0,NC,-1.0,1,7.0
499,1,1.0,27,S,2.0,P,0,1.0,NC,2.0,1,5.0
500,2,1.0,28,N,1.0,P,0,1.0,NC,1.0,3,3.0
501,2,3.0,27,S,0.0,A,0,1.0,NC,2.0,1,7.0
502,1,1.0,27,N,1.0,A,0,1.0,NC,1.0,3,4.0
503,2,1.0,27,S,1.0,P,0,1.0,NC,2.0,3,3.0
504,2,1.0,27,N,1.0,P,0,1.0,NC,2.0,3,7.0
505,1,1.0,36,S,0.0,P,0,1.0,NC,2.0,3,5.0
506,1,1.0,27,N,2.0,P,0,1.0,NC,2.0,1,3.0
507,2,1.0,28,N,2.0,P,0,1.0,NC,2.0,-1,-1.0
508,2,1.0,29,N,1.0,A,0,1.0,NC,-1.0,-1,-1.0
509,1,1.0,28,S,2.0,A,0,1.0,NC,1.0,1,4.0
510,2,1.0,27,N,0.0,P,0,1.0,NC,1.0,3,6.0
511,1,1.0,29,N,1.0,P,0,1.0,NC,2.0,3,3.0
512,1,1.0,28,N,0.0,P,0,1.0,NC,2.0,1,3.0
513,2,1.0,27,S,0.0,A,0,1.0,NC,2.0,-1,-1.0
514,1,1.0,28,S,2.0,P,0,1.0,NC,2.0,1,4.0
515,1,1.0,27,S,1.0,P,0,1.0,NC,-1.0,-1,-1.0
516,1,1.0,27,S,0.0,A,0,1.0,NC,-1.0,1,5.0
517,1,1.0,27,S,0.0,P,0,1.0,NC,1.0,3,3.0
518,1,1.0,27,S,0.0,P,0,1.0,NC,-1.0,1,7.0
519,2,1.0,39,S,0.0,P,9,1.0,NC,1.0,-1,-1.0
520,2,1.0,27,N,1.0,P,0,1.0,NC,2.0,1,6.0
521,2,1.0,30,S,1.0,A,0,1.0,NC,1.0,-1,-1.0
522,2,1.0,27,S,0.0,A,0,1.0,NC,2.0,-1,-1.0
523,1,1.0,28,S,0.0,P,0,1.0,NC,1.0,3,5.0
524,2,1.0,26,S,0.0,P,0,1.0,NC,1.0,3,5.0
525,1,1.0,27,N,2.0,A,0,1.0,NC,1.0,3,7.0
526,2,1.0,28,S,0.0,A,0,1.0,NC,1.0,1,5.0
527,1,1.0,27,N,1.0,P,0,1.0,NC,2.0,3,3.0
528,1,1.0,27,N,1.0,P,0,1.0,NC,-1.0,1,5.0
529,2,1.0,27,N,1.0,P,0,1.0,NC,2.0,3,5.0
530,1,1.0,27,N,1.0,P,0,1.0,NC,-1.0,-1,-1.0
531,2,1.0,27,N,1.0,P,0,1.0,NC,-1.0,-1,-1.0
532,2,1.0,28,N,0.0,P,0,1.0,NC,2.0,1,5.0
533,1,1.0,27,N,1.0,A,0,1.0,NC,2.0,1,5.0
534,1,1.0,29,S,1.0,A,0,1.0,NC,-1.0,1,5.0
535,1,1.0,29,N,2.0,P,1,1.0,NC,-1.0,-1,-1.0
536,1,1.0,27,S,0.0,A,0,1.0,NC,3.0,1,5.0
537,2,1.0,33,S,1.0,P,0,1.0,NC,-1.0,1,5.0
538,2,1.0,28,S,1.0,P,0,1.0,NC,2.0,1,5.0
539,2,1.0,28,N,1.0,A,0,1.0,NC,-1.0,1,5.0
540,1,1.0,27,N,1.0,P,0,1.0,NC,2.0,1,5.0
541,1,1.0,28,N,0.0,A,1,1.0,NC,2.0,3,5.0
542,2,1.0,27,S,2.0,P,0,1.0,NC,1.0,1,5.0
543,1,1.0,28,S,1.0,P,0,1.0,NC,1.0,3,5.0
544,2,1.0,27,S,2.0,A,0,1.0,NC,2.0,-1,-1.0
545,2,1.0,28,N,2.0,P,0,1.0,S,1.0,5,3.0
546,1,1.0,28,S,1.0,P,0,1.0,S,1.0,5,3.0
547,2,1.0,27,S,1.0,A,0,1.0,NC,1.0,3,5.0
548,1,1.0,29,S,0.0,P,1,1.0,NC,1.0,1,5.0
549,2,1.0,27,S,1.0,P,0,1.0,NC,-1.0,1,5.0
550,1,1.0,28,N,1.0,P,0,1.0,NC,1.0,3,5.0
551,1,1.0,28,N,1.0,P,1,1.0,NC,1.0,3,3.0
552,1,1.0,28,S,2.0,P,0,1.0,NC,1.0,3,5.0
553,2,1.0,28,S,1.0,P,0,1.0,NC,-1.0,-1,-1.0
554,1,1.0,28,N,2.0,P,0,1.0,NC,1.0,1,5.0
555,1,1.0,27,S,2.0,A,0,1.0,NC,2.0,3,5.0
556,2,1.0,28,N,1.0,A,0,1.0,NC,1.0,1,7.0
557,1,1.0,28,S,2.0,P,0,1.0,NC,2.0,1,5.0
558,1,1.0,28,N,1.0,A,0,1.0,NC,1.0,1,5.0
559,2,1.0,26,S,0.0,A,0,1.0,NC,-1.0,-1,-1.0
560,2,1.0,30,N,2.0,A,1,1.0,NC,1.0,1,5.0
561,2,1.0,28,S,0.0,A,0,1.0,NC,2.0,1,3.0
562,2,1.0,28,N,1.0,A,4,1.0,NC,1.0,3,3.0
563,2,1.0,28,N,1.0,P,0,1.0,NC,2.0,1,5.0
564,2,1.0,39,S,1.0,P,10,1.0,NC,-1.0,1,5.0
565,2,1.0,27,S,1.0,P,0,1.0,NC,2.0,1,5.0
566,1,1.0,27,S,1.0,A,0,1.0,NC,1.0,1,4.0
567,1,1.0,27,S,1.0,P,0,1.0,NC,-1.0,3,5.0
568,2,1.0,28,S,1.0,P,1,1.0,NC,-1.0,3,5.0
569,1,1.0,28,S,1.0,A,0,1.0,NC,1.0,3,4.0
570,2,1.0,27,N,2.0,P,0,1.0,NC,1.0,3,5.0
571,1,1.0,28,N,1.0,P,0,1.0,NC,1.0,1,5.0
572,1,1.0,27,N,0.0,A,0,1.0,NC,1.0,3,6.0
573,2,1.0,32,S,0.0,A,0,1.0,NC,1.0,-1,-1.0
574,2,1.0,29,S,0.0,A,1,1.0,NC,2.0,3,5.0
575,1,1.0,27,S,2.0,A,0,1.0,NC,-1.0,1,5.0
576,2,1.0,27,N,0.0,P,0,1.0,NC,1.0,3,3.0
577,1,1.0,28,S,0.0,A,0,1.0,NC,1.0,1,5.0
578,2,1.0,28,N,2.0,A,0,1.0,NC,1.0,3,3.0
579,2,1.0,29,S,1.0,A,1,1.0,NC,1.0,3,5.0
580,1,1.0,27,S,1.0,A,0,1.0,NC,1.0,3,5.0
581,1,1.0,28,S,1.0,A,0,1.0,NC,-1.0,3,5.0
582,2,1.0,28,N,1.0,P,0,1.0,NC,-1.0,1,3.0
583,2,1.0,29,S,1.0,A,2,1.0,NC,1.0,1,4.0
584,1,1.0,27,S,0.0,P,0,1.0,NC,2.0,1,5.0
585,1,1.0,29,S,1.0,P,2,1.0,NC,-1.0,-1,-1.0
586,2,1.0,28,S,2.0,P,0,1.0,NC,1.0,3,5.0
587,1,1.0,27,N,1.0,P,1,1.0,NC,2.0,1,4.0
588,2,1.0,29,N,2.0,P,2,1.0,NC,-1.0,-1,-1.0
589,1,1.0,28,N,1.0,P,2,1.0,NC,2.0,1,5.0
590,1,1.0,30,S,2.0,A,3,1.0,NC,2.0,3,5.0
591,2,1.0,27,S,1.0,P,1,1.0,NC,2.0,3,5.0
592,2,1.0,27,S,2.0,A,1,1.0,NC,-1.0,-1,-1.0
593,1,1.0,27,N,2.0,P,1,1.0,NC,1.0,1,5.0
594,2,1.0,27,S,2.0,P,1,1.0,NC,1.0,-1,-1.0
595,1,1.0,29,N,1.0,A,2,2.0,NC,1.0,5,4.0
596,1,1.0,28,N,2.0,A,2,1.0,NC,3.0,1,3.0
597,1,1.0,28,S,1.0,A,2,1.0,NC,2.0,1,5.0
598,2,1.0,27,S,1.0,A,1,1.0,NC,1.0,1,5.0
599,2,1.0,30,N,0.0,P,2,1.0,NC,2.0,3,5.0
600,1,1.0,27,S,1.0,A,1,1.0,NC,-1.0,1,7.0
601,2,1.0,29,S,2.0,A,2,1.0,NC,1.0,3,5.0
602,2,1.0,27,S,0.0,A,1,1.0,NC,2.0,1,5.0
603,2,1.0,29,N,0.0,P,2,1.0,NC,1.0,1,4.0
604,2,1.0,28,N,0.0,P,1,1.0,NC,2.0,1,5.0
605,1,1.0,28,S,1.0,A,1,1.0,NC,-1.0,-1,-1.0
606,1,1.0,30,N,1.0,P,4,1.0,NC,2.0,-1,-1.0
607,2,1.0,52,N,2.0,P,25,1.0,NC,-1.0,-1,-1.0
608,2,1.0,35,N,1.0,P,9,1.0,NC,-1.0,3,5.0
609,2,1.0,63,N,1.0,P,37,1.0,NC,1.0,1,7.0
610,2,1.0,46,N,2.0,A,19,1.0,NC,2.0,1,5.0
611,1,1.0,36,N,0.0,A,10,1.0,NC,1.0,1,7.0
612,1,1.0,36,S,1.0,P,1,1.0,NC,1.0,1,3.0
613,1,1.0,27,N,1.0,P,0,1.0,NC,2.0,1,7.0
614,2,1.0,27,S,0.0,A,0,1.0,NC,-1.0,3,6.0
615,2,1.0,27,S,1.0,P,0,1.0,NC,2.0,1,5.0
616,1,1.0,30,N,0.0,P,0,1.0,NC,2.0,1,7.0
617,1,1.0,26,S,0.0,P,0,1.0,NC,2.0,1,7.0
618,1,1.0,27,N,0.0,P,0,1.0,NC,1.0,1,7.0
619,2,1.0,27,S,1.0,A,0,1.0,NC,2.0,1,5.0
620,2,1.0,26,N,2.0,P,0,1.0,NC,2.0,1,5.0
621,2,1.0,27,N,1.0,P,0,1.0,NC,-1.0,-1,-1.0
622,1,1.0,29,S,1.0,A,7,1.0,NC,3.0,3,3.0
623,2,1.0,27,S,1.0,A,1,1.0,NC,2.0,3,5.0
624,2,1.0,26,S,2.0,A,0,1.0,NC,1.0,3,4.0
625,1,1.0,26,S,1.0,P,0,1.0,NC,-1.0,1,7.0
626,1,1.0,30,S,1.0,P,3,1.0,NC,2.0,1,7.0
627,1,1.0,27,N,2.0,P,0,1.0,NC,2.0,-1,-1.0
628,2,1.0,27,N,0.0,P,0,1.0,NC,1.0,3,5.0
629,2,1.0,34,S,2.0,P,1,1.0,NC,2.0,3,3.0
630,2,1.0,27,S,1.0,A,0,1.0,NC,1.0,3,5.0
631,2,1.0,27,N,1.0,P,0,1.0,NC,1.0,1,5.0
632,2,1.0,27,S,1.0,P,0,1.0,NC,1.0,1,4.0
633,2,1.0,27,N,0.0,P,0,1.0,NC,1.0,1,5.0
634,1,1.0,27,N,2.0,P,0,1.0,NC,1.0,3,5.0
635,1,1.0,26,S,1.0,A,0,1.0,NC,2.0,1,7.0
636,1,1.0,26,N,1.0,A,0,1.0,NC,1.0,1,4.0
637,1,1.0,29,N,1.0,P,2,1.0,NC,-1.0,-1,-1.0
638,1,1.0,26,N,1.0,P,0,1.0,N,1.0,3,4.0
639,1,1.0,29,N,0.0,A,0,1.0,NC,2.0,1,5.0
640,2,1.0,27,N,0.0,A,0,1.0,NC,1.0,3,5.0
641,1,1.0,27,S,0.0,A,0,1.0,NC,2.0,1,5.0
642,1,1.0,27,N,0.0,A,0,2.0,NC,1.0,1,5.0
643,2,1.0,37,S,0.0,A,1,1.0,NC,2.0,3,4.0
644,2,1.0,27,S,0.0,P,0,1.0,NC,-1.0,3,7.0
645,2,1.0,28,S,1.0,P,3,1.0,NC,1.0,3,5.0
646,2,1.0,28,S,1.0,A,1,1.0,NC,-1.0,1,5.0
647,2,1.0,55,N,0.0,P,30,1.0,NC,-1.0,-1,-1.0
648,1,1.0,26,S,1.0,P,1,1.0,NC,1.0,4,5.0
649,1,1.0,29,S,0.0,A,3,1.0,NC,1.0,1,5.0
650,1,1.0,27,S,1.0,P,0,1.0,NC,2.0,1,5.0
651,2,1.0,29,S,2.0,P,1,1.0,NC,1.0,-1,-1.0
652,1,1.0,26,N,1.0,P,1,1.0,NC,2.0,1,5.0
653,1,1.0,26,S,0.0,P,1,2.0,NC,1.0,1,5.0
654,1,1.0,27,S,0.0,A,1,1.0,NC,2.0,1,3.0
655,2,1.0,26,N,1.0,P,1,1.0,NC,2.0,3,5.0
656,2,1.0,27,N,2.0,P,1,1.0,N,2.0,3,3.0
657,2,1.0,27,S,0.0,A,1,1.0,NC,2.0,1,7.0
658,2,1.0,26,S,2.0,P,1,1.0,NC,1.0,-1,-1.0
659,2,1.0,26,S,1.0,P,1,1.0,NC,1.0,-1,-1.0
660,2,1.0,27,S,0.0,A,1,1.0,S,1.0,1,3.0
661,2,1.0,26,N,1.0,P,1,1.0,NC,1.0,-1,-1.0
662,1,1.0,27,S,0.0,A,1,1.0,NC,1.0,-1,-1.0
663,2,1.0,30,S,1.0,P,4,1.0,N,1.0,3,7.0
664,2,1.0,27,N,1.0,A,1,1.0,NC,1.0,1,7.0
665,2,1.0,27,S,2.0,P,1,1.0,N,1.0,3,5.0
666,2,1.0,31,S,0.0,P,4,1.0,N,1.0,1,7.0
667,2,1.0,43,S,1.0,A,1,1.0,S,1.0,3,5.0
668,1,1.0,29,N,1.0,P,4,1.0,S,1.0,1,7.0
669,2,1.0,31,N,1.0,A,6,1.0,NC,2.0,1,4.0
670,1,1.0,33,S,0.0,A,1,1.0,N,1.0,1,7.0
671,2,1.0,32,S,1.0,P,0,1.0,NC,2.0,1,5.0
672,2,1.0,26,S,1.0,P,1,1.0,NC,1.0,3,5.0
673,2,1.0,26,N,0.0,P,1,1.0,NC,2.0,-1,-1.0
674,2,1.0,26,N,2.0,P,0,1.0,N,1.0,3,4.0
675,1,1.0,30,N,1.0,P,3,1.0,NC,1.0,3,5.0
676,1,1.0,27,S,1.0,P,0,1.0,N,1.0,1,3.0
677,2,2.0,27,S,2.0,A,0,1.0,NC,2.0,3,7.0
678,2,1.0,51,N,0.0,A,0,1.0,N,2.0,1,5.0
679,2,2.0,26,N,1.0,P,0,1.0,NC,1.0,3,3.0
680,2,1.0,26,N,1.0,P,0,1.0,NC,2.0,1,7.0
681,1,1.0,27,S,0.0,A,0,1.0,S,2.0,5,5.0
682,2,1.0,32,N,0.0,A,2,1.0,S,1.0,5,5.0
683,1,1.0,34,S,2.0,A,1,1.0,NC,4.0,3,3.0
684,2,1.0,31,S,1.0,A,5,3.0,NC,4.0,-1,-1.0
685,2,3.0,26,N,1.0,P,1,1.0,NC,1.0,-1,-1.0
686,2,1.0,27,S,1.0,A,0,1.0,N,2.0,3,5.0
687,2,1.0,26,N,2.0,P,0,1.0,NC,2.0,1,7.0
688,1,1.0,27,S,1.0,P,0,1.0,NC,2.0,1,5.0
689,2,1.0,27,S,0.0,A,0,1.0,N,1.0,3,3.0
690,2,1.0,27,N,2.0,P,1,1.0,N,1.0,4,3.0
691,2,1.0,26,S,2.0,A,0,1.0,NC,2.0,3,3.0
692,1,1.0,28,N,1.0,A,0,1.0,NC,-1.0,1,3.0
693,2,1.0,26,N,2.0,A,1,1.0,NC,2.0,3,5.0
694,2,1.0,26,S,2.0,A,0,1.0,NC,2.0,1,7.0
695,2,1.0,28,N,1.0,P,3,1.0,NC,1.0,3,7.0
696,2,1.0,29,N,1.0,P,1,1.0,NC,1.0,-1,-1.0
697,1,1.0,27,S,2.0,P,1,1.0,NC,1.0,1,5.0
698,1,1.0,29,S,2.0,A,1,1.0,NC,1.0,3,6.0
699,2,1.0,27,N,0.0,A,2,1.0,NC,-1.0,-1,-1.0
700,2,2.0,27,S,1.0,P,0,1.0,NC,4.0,1,5.0
701,2,2.0,27,N,0.0,A,2,1.0,NC,-1.0,-1,-1.0
702,1,1.0,33,S,0.0,A,1,1.0,NC,-1.0,-1,-1.0
703,1,1.0,36,S,1.0,A,1,1.0,NC,-1.0,-1,1.0
704,1,1.0,34,N,1.0,P,1,1.0,NC,-1.0,-1,-1.0
705,1,1.0,32,S,2.0,P,0,1.0,NC,-1.0,-1,1.0
706,2,1.0,37,S,1.0,P,12,1.0,NC,-1.0,-1,1.0
707,1,1.0,27,S,1.0,P,0,1.0,NC,-1.0,-1,-1.0
708,2,1.0,26,S,0.0,P,1,1.0,NC,-1.0,-1,-1.0
709,2,1.0,26,N,1.0,P,1,1.0,NC,-1.0,-1,1.0
710,1,1.0,27,N,0.0,A,0,1.0,NC,-1.0,-1,-1.0
711,1,1.0,28,N,1.0,P,0,1.0,NC,-1.0,-1,-1.0
712,2,1.0,28,S,1.0,P,0,1.0,NC,-1.0,-1,-1.0
713,2,1.0,26,N,1.0,P,1,1.0,NC,-1.0,-1,-1.0
714,2,1.0,26,S,0.0,P,0,1.0,NC,-1.0,-1,1.0
715,1,1.0,32,S,0.0,A,0,1.0,NC,-1.0,-1,1.0
716,2,1.0,32,N,1.0,A,0,1.0,NC,-1.0,-1,-1.0
717,2,1.0,30,S,1.0,P,0,1.0,NC,-1.0,-1,1.0
718,1,1.0,39,N,0.0,A,10,1.0,NC,-1.0,-1,1.0
719,2,1.0,27,S,1.0,A,0,1.0,NC,2.0,-1,-1.0
720,1,1.0,27,S,1.0,P,0,1.0,NC,-1.0,-1,-1.0
721,1,1.0,29,N,0.0,P,1,1.0,NC,-1.0,-1,1.0
722,1,1.0,30,N,1.0,P,2,1.0,NC,-1.0,-1,-1.0
723,2,1.0,28,S,1.0,A,0,1.0,NC,-1.0,-1,1.0
724,2,1.0,27,S,2.0,P,0,1.0,NC,-1.0,-1,-1.0
725,1,1.0,28,N,1.0,P,0,1.0,NC,-1.0,-1,1.0
726,1,1.0,33,S,0.0,A,6,1.0,NC,2.0,-1,1.0
727,1,1.0,29,S,1.0,A,1,1.0,NC,-1.0,-1,-1.0
728,2,1.0,28,S,0.0,P,0,1.0,NC,-1.0,-1,1.0
729,1,1.0,27,S,1.0,P,0,1.0,NC,-1.0,-1,1.0
730,2,1.0,28,S,0.0,P,1,1.0,NC,-1.0,-1,-1.0
731,2,1.0,28,S,0.0,P,1,1.0,NC,-1.0,-1,-1.0
732,1,1.0,28,N,1.0,A,1,1.0,NC,-1.0,-1,-1.0
733,1,1.0,28,N,1.0,P,1,1.0,NC,-1.0,-1,-1.0
734,1,1.0,27,S,0.0,A,0,1.0,NC,-1.0,-1,-1.0
735,2,1.0,32,N,1.0,P,0,1.0,NC,-1.0,-1,-1.0
736,2,1.0,34,S,0.0,A,1,1.0,NC,-1.0,-1,-1.0
737,2,1.0,27,S,0.0,P,0,1.0,NC,-1.0,-1,-1.0
738,2,1.0,27,S,2.0,P,0,1.0,NC,-1.0,-1,-1.0
739,2,2.0,28,N,0.0,A,0,1.0,NC,-1.0,-1,-1.0
740,2,1.0,27,S,2.0,A,1,1.0,NC,-1.0,-1,1.0
741,2,1.0,29,S,0.0,A,1,1.0,NC,-1.0,-1,1.0
742,1,1.0,26,N,1.0,A,1,1.0,NC,-1.0,-1,1.0
743,1,1.0,27,S,0.0,A,1,1.0,NC,-1.0,-1,1.0
744,1,1.0,27,S,2.0,P,0,2.0,NC,-1.0,-1,1.0
745,1,1.0,28,S,0.0,P,0,1.0,NC,-1.0,-1,1.0
746,2,1.0,28,S,2.0,P,0,1.0,NC,-1.0,-1,-1.0
747,1,1.0,27,S,1.0,P,0,1.0,NC,-1.0,-1,-1.0
748,1,1.0,26,N,1.0,P,0,1.0,NC,-1.0,-1,-1.0
749,1,1.0,31,S,1.0,P,0,1.0,NC,-1.0,-1,-1.0
750,2,1.0,29,N,2.0,P,2,1.0,NC,-1.0,-1,1.0
751,1,1.0,30,N,0.0,A,1,1.0,NC,-1.0,-1,1.0
752,2,1.0,29,N,2.0,P,1,1.0,NC,-1.0,-1,-1.0
753,1,1.0,28,N,1.0,A,0,1.0,NC,-1.0,-1,-1.0
754,1,1.0,28,N,2.0,A,0,1.0,NC,-1.0,-1,1.0
755,1,1.0,30,S,1.0,P,2,2.0,NC,-1.0,-1,-1.0
756,2,1.0,42,S,0.0,A,0,1.0,NC,-1.0,-1,-1.0
757,2,1.0,31,S,0.0,P,4,1.0,NC,-1.0,-1,-1.0
758,2,1.0,29,N,1.0,A,2,1.0,NC,-1.0,-1,-1.0
759,2,1.0,33,S,1.0,P,1,1.0,NC,-1.0,-1,1.0
760,1,1.0,28,N,0.0,P,0,1.0,NC,-1.0,-1,-1.0
761,1,1.0,26,N,2.0,A,0,1.0,NC,-1.0,-1,-1.0
762,1,1.0,27,S,1.0,P,0,1.0,NC,-1.0,-1,-1.0
763,1,1.0,32,S,0.0,A,6,1.0,NC,-1.0,-1,1.0
764,2,1.0,27,N,2.0,P,0,1.0,NC,-1.0,-1,1.0
765,1,1.0,26,N,1.0,P,1,1.0,NC,-1.0,-1,-1.0
766,2,1.0,30,N,0.0,A,1,1.0,NC,-1.0,-1,-1.0
767,2,1.0,28,S,2.0,A,0,1.0,NC,-1.0,-1,-1.0
768,2,1.0,27,S,0.0,A,0,1.0,NC,-1.0,-1,-1.0
769,1,1.0,27,S,1.0,A,0,1.0,NC,-1.0,-1,-1.0
770,2,1.0,29,N,1.0,A,0,1.0,NC,-1.0,-1,-1.0
771,2,1.0,28,S,1.0,P,0,1.0,NC,-1.0,-1,-1.0
772,2,1.0,28,N,2.0,P,0,1.0,NC,-1.0,-1,-1.0
773,2,1.0,29,N,1.0,A,1,1.0,NC,-1.0,-1,-1.0
774,2,2.0,28,S,2.0,A,1,1.0,NC,-1.0,-1,-1.0
775,1,1.0,30,S,1.0,A,0,1.0,NC,-1.0,-1,-1.0
776,2,1.0,36,N,2.0,P,0,1.0,NC,-1.0,-1,1.0
777,1,1.0,28,N,1.0,A,0,1.0,NC,-1.0,-1,1.0
778,2,1.0,28,S,1.0,A,0,1.0,NC,-1.0,-1,-1.0
779,1,1.0,28,S,2.0,P,0,1.0,NC,-1.0,-1,1.0
780,2,1.0,30,N,1.0,P,3,1.0,NC,-1.0,-1,1.0
781,1,1.0,27,N,0.0,P,1,1.0,NC,-1.0,-1,-1.0
782,2,2.0,27,N,0.0,P,0,1.0,NC,-1.0,-1,-1.0
783,2,1.0,27,N,2.0,P,1,1.0,NC,-1.0,-1,-1.0
784,2,1.0,29,N,0.0,P,4,1.0,NC,-1.0,-1,1.0
785,2,1.0,31,N,1.0,A,6,1.0,NC,-1.0,-1,-1.0
786,1,1.0,27,N,2.0,P,0,1.0,NC,-1.0,-1,1.0
787,2,1.0,27,S,1.0,A,0,1.0,NC,2.0,-1,1.0
788,1,1.0,34,N,1.0,P,0,1.0,NC,-1.0,-1,1.0
789,1,1.0,34,N,1.0,P,5,1.0,NC,-1.0,-1,1.0
790,2,1.0,28,S,2.0,P,1,1.0,NC,-1.0,-1,-1.0
791,1,1.0,28,S,1.0,A,0,1.0,NC,-1.0,-1,-1.0
792,2,1.0,32,S,1.0,P,2,1.0,NC,-1.0,-1,1.0
793,2,1.0,51,N,2.0,A,0,1.0,NC,-1.0,-1,1.0
794,1,1.0,26,N,1.0,P,0,1.0,NC,-1.0,-1,-1.0
795,2,1.0,26,S,1.0,P,1,1.0,NC,-1.0,-1,1.0
796,2,1.0,27,N,1.0,P,1,1.0,NC,-1.0,-1,-1.0
797,2,1.0,32,S,1.0,P,4,1.0,NC,-1.0,-1,-1.0
798,2,1.0,33,N,1.0,A,0,1.0,NC,-1.0,-1,1.0
799,2,1.0,40,S,1.0,P,2,1.0,NC,-1.0,-1,1.0
800,1,1.0,32,N,0.0,A,0,1.0,NC,-1.0,-1,1.0
801,2,1.0,30,N,1.0,A,1,1.0,NC,-1.0,-1,-1.0
802,2,1.0,27,N,1.0,P,0,1.0,NC,4.0,3,5.0
803,2,1.0,28,S,1.0,A,0,1.0,NC,2.0,-1,1.0
804,1,1.0,32,S,1.0,A,0,1.0,NC,-1.0,-1,-1.0
805,2,1.0,28,S,2.0,A,1,1.0,NC,-1.0,-1,-1.0
806,1,1.0,27,N,2.0,P,0,1.0,NC,-1.0,-1,1.0
807,2,1.0,38,N,1.0,P,1,1.0,NC,-1.0,-1,-1.0
808,2,1.0,37,S,0.0,A,1,1.0,NC,-1.0,-1,1.0
809,2,1.0,31,S,0.0,P,2,2.0,NC,-1.0,-1,1.0
810,2,1.0,31,N,2.0,A,2,1.0,NC,-1.0,-1,-1.0
811,2,1.0,29,N,1.0,P,1,1.0,NC,-1.0,-1,-1.0
812,2,1.0,31,S,2.0,P,2,1.0,NC,-1.0,-1,1.0
813,2,1.0,31,N,2.0,A,2,1.0,NC,-1.0,-1,-1.0
814,1,1.0,32,N,1.0,P,2,1.0,NC,-1.0,-1,1.0
815,2,1.0,27,S,1.0,P,0,1.0,NC,-1.0,-1,1.0
816,1,1.0,28,S,1.0,P,0,1.0,NC,-1.0,-1,-1.0
817,2,1.0,28,S,1.0,A,2,1.0,NC,-1.0,-1,1.0
818,2,1.0,30,N,1.0,A,2,1.0,NC,-1.0,-1,-1.0
819,1,1.0,29,S,0.0,A,7,1.0,NC,-1.0,-1,-1.0
820,2,1.0,26,S,0.0,P,0,1.0,NC,-1.0,-1,-1.0
821,2,1.0,27,N,2.0,A,0,1.0,NC,-1.0,-1,-1.0
822,1,1.0,26,N,0.0,P,1,1.0,NC,-1.0,-1,-1.0
823,1,1.0,30,S,0.0,A,2,1.0,NC,-1.0,-1,-1.0
824,2,1.0,29,S,1.0,P,1,1.0,NC,-1.0,-1,-1.0
825,2,1.0,31,S,2.0,P,2,1.0,NC,-1.0,-1,-1.0
826,1,1.0,27,N,0.0,A,1,1.0,NC,-1.0,-1,1.0
827,2,1.0,27,N,1.0,P,1,1.0,NC,-1.0,-1,1.0
828,1,1.0,26,S,0.0,A,1,1.0,NC,-1.0,-1,1.0
829,1,1.0,27,S,1.0,A,0,1.0,NC,-1.0,-1,-1.0
830,2,1.0,29,N,1.0,P,1,1.0,NC,-1.0,-1,-1.0
831,2,1.0,27,S,0.0,P,2,1.0,NC,-1.0,-1,-1.0
832,2,1.0,28,S,1.0,P,0,1.0,NC,-1.0,4,4.0
833,2,1.0,29,N,2.0,P,3,1.0,NC,-1.0,-1,1.0
834,2,1.0,26,N,1.0,P,0,1.0,NC,-1.0,-1,-1.0
835,2,1.0,29,S,0.0,A,1,1.0,NC,-1.0,-1,-1.0
836,2,1.0,29,S,0.0,A,1,1.0,NC,-1.0,-1,-1.0
837,2,1.0,27,N,0.0,A,0,1.0,NC,-1.0,-1,-1.0
838,1,1.0,28,S,2.0,P,0,1.0,NC,-1.0,-1,1.0
839,1,1.0,27,N,2.0,A,1,1.0,NC,-1.0,-1,-1.0
840,1,1.0,49,N,1.0,A,0,1.0,NC,-1.0,-1,1.0
841,2,1.0,27,S,1.0,P,0,1.0,NC,-1.0,-1,-1.0
842,1,2.0,27,N,2.0,A,0,1.0,NC,-1.0,-1,-1.0
843,1,2.0,52,S,1.0,A,25,1.0,NC,-1.0,-1,-1.0
844,1,1.0,39,N,1.0,A,9,1.0,NC,-1.0,-1,-1.0
845,2,1.0,39,N,2.0,P,0,1.0,NC,-1.0,-1,1.0
846,2,1.0,32,S,1.0,A,0,1.0,NC,-1.0,-1,-1.0
847,1,1.0,29,S,1.0,A,1,6.0,NC,-1.0,-1,1.0
848,1,1.0,27,S,1.0,A,1,1.0,NC,-1.0,-1,-1.0
849,1,1.0,29,S,1.0,A,2,1.0,NC,-1.0,-1,-1.0
850,1,1.0,27,N,0.0,P,0,1.0,NC,-1.0,-1,-1.0
851,2,1.0,28,N,2.0,P,3,1.0,NC,-1.0,-1,1.0
852,2,1.0,34,S,2.0,P,1,1.0,NC,-1.0,-1,-1.0
853,1,1.0,27,S,0.0,P,1,1.0,NC,-1.0,-1,-1.0
854,2,2.0,26,S,1.0,P,0,1.0,NC,-1.0,-1,1.0
855,1,1.0,26,S,2.0,A,0,1.0,NC,-1.0,-1,-1.0
856,1,1.0,27,N,0.0,P,0,1.0,NC,-1.0,-1,-1.0
857,2,1.0,27,S,2.0,A,1,1.0,NC,-1.0,-1,1.0
858,2,1.0,27,S,0.0,P,0,1.0,NC,4.0,-1,-1.0
859,2,1.0,28,N,1.0,P,1,1.0,NC,-1.0,4,5.0
860,1,1.0,29,S,1.0,A,1,1.0,NC,-1.0,-1,-1.0
861,2,1.0,28,N,1.0,P,0,1.0,NC,-1.0,-1,1.0
862,2,1.0,36,N,0.0,P,1,1.0,NC,-1.0,-1,1.0
863,2,2.0,28,S,1.0,A,0,1.0,NC,-1.0,-1,1.0
864,2,1.0,27,N,0.0,A,0,1.0,NC,-1.0,-1,-1.0
865,2,1.0,28,S,0.0,A,0,1.0,NC,-1.0,-1,-1.0
866,2,1.0,27,S,2.0,A,0,1.0,NC,-1.0,4,1.0
867,1,1.0,35,N,0.0,P,1,1.0,NC,-1.0,-1,-1.0
868,2,1.0,28,S,1.0,A,0,1.0,NC,-1.0,-1,-1.0
869,1,1.0,27,N,1.0,P,0,1.0,NC,-1.0,-1,1.0
870,1,2.0,42,S,1.0,A,0,1.0,NC,-1.0,-1,-1.0
871,2,1.0,30,S,2.0,A,1,1.0,NC,-1.0,-1,-1.0
872,2,1.0,27,S,2.0,A,0,1.0,NC,-1.0,4,2.0
873,2,1.0,30,S,2.0,A,4,1.0,NC,-1.0,-1,-1.0
874,2,1.0,28,N,1.0,P,4,1.0,NC,-1.0,-1,-1.0
875,2,1.0,28,S,0.0,A,0,1.0,NC,-1.0,-1,1.0
876,1,1.0,30,S,2.0,A,3,1.0,NC,-1.0,-1,-1.0
877,1,1.0,30,S,2.0,P,1,1.0,NC,-1.0,-1,-1.0
878,2,1.0,28,N,1.0,A,0,1.0,NC,-1.0,-1,1.0
879,2,1.0,29,S,1.0,A,0,1.0,NC,-1.0,-1,1.0
880,1,1.0,27,N,1.0,P,0,1.0,NC,-1.0,-1,-1.0
881,1,1.0,27,S,2.0,A,0,1.0,NC,-1.0,-1,1.0
882,1,1.0,35,N,2.0,A,9,1.0,NC,-1.0,-1,-1.0
883,2,1.0,26,S,1.0,A,1,1.0,NC,-1.0,-1,-1.0
884,2,1.0,28,N,1.0,A,0,1.0,NC,-1.0,-1,1.0
885,1,1.0,27,S,2.0,A,0,1.0,NC,-1.0,-1,-1.0
886,2,1.0,28,S,1.0,A,0,1.0,NC,-1.0,-1,-1.0
887,1,1.0,27,N,1.0,P,0,1.0,NC,-1.0,-1,1.0
888,2,1.0,28,N,1.0,P,1,1.0,NC,-1.0,-1,1.0
889,2,1.0,28,S,2.0,A,0,1.0,NC,-1.0,-1,-1.0
890,2,1.0,28,S,1.0,A,1,1.0,NC,-1.0,-1,1.0
891,2,1.0,27,S,1.0,A,0,1.0,NC,1.0,-1,1.0
892,2,1.0,29,S,1.0,A,2,1.0,NC,-1.0,4,2.0
893,2,1.0,28,N,1.0,A,3,1.0,NC,-1.0,-1,-1.0
894,2,1.0,30,S,1.0,P,4,1.0,NC,-1.0,-1,1.0
895,1,1.0,27,N,1.0,P,1,1.0,NC,-1.0,-1,-1.0
896,2,2.0,55,N,1.0,A,30,1.0,NC,-1.0,-1,-1.0
897,1,1.0,28,S,1.0,A,0,1.0,NC,-1.0,-1,-1.0
898,2,1.0,28,S,1.0,A,0,1.0,NC,-1.0,-1,-1.0
899,2,1.0,27,S,1.0,P,0,1.0,NC,-1.0,-1,1.0
900,2,1.0,26,S,1.0,A,0,1.0,NC,-1.0,-1,-1.0
902,2,1.0,27,N,0.0,P,0,1.0,NC,-1.0,-1,-1.0
903,2,1.0,28,S,2.0,P,0,1.0,NC,-1.0,-1,-1.0
904,1,1.0,27,N,2.0,P,0,1.0,NC,-1.0,-1,-1.0
905,2,1.0,27,N,0.0,A,0,1.0,NC,-1.0,-1,-1.0
907,2,1.0,29,S,1.0,A,1,1.0,NC,-1.0,-1,-1.0
908,1,1.0,26,S,1.0,A,0,1.0,NC,-1.0,-1,-1.0
909,2,1.0,32,N,1.0,A,0,1.0,NC,-1.0,-1,-1.0
910,2,1.0,29,S,0.0,A,0,1.0,NC,-1.0,-1,-1.0
911,1,1.0,28,S,0.0,A,0,1.0,NC,-1.0,-1,-1.0
912,1,1.0,28,N,0.0,P,0,1.0,NC,1.0,-1,-1.0
913,1,1.0,28,S,0.0,A,0,1.0,NC,-1.0,-1,1.0
914,1,1.0,29,S,2.0,A,1,1.0,NC,-1.0,-1,-1.0
915,2,1.0,27,S,2.0,P,0,1.0,NC,-1.0,-1,-1.0
916,1,1.0,27,S,2.0,P,0,1.0,NC,-1.0,-1,1.0
917,1,1.0,30,S,2.0,A,1,1.0,NC,1.0,-1,-1.0
918,1,1.0,27,N,1.0,P,0,1.0,NC,-1.0,-1,1.0
919,2,1.0,27,S,1.0,A,0,1.0,NC,-1.0,-1,-1.0
920,2,1.0,27,S,0.0,A,0,1.0,NC,-1.0,-1,-1.0
921,2,1.0,27,S,1.0,A,0,1.0,NC,-1.0,-1,-1.0
922,1,1.0,27,S,2.0,A,0,1.0,NC,-1.0,-1,5.0
923,1,1.0,27,S,1.0,A,0,1.0,NC,-1.0,-1,1.0
924,2,1.0,29,N,2.0,P,1,1.0,NC,-1.0,-1,-1.0
925,1,1.0,26,S,1.0,P,0,1.0,NC,-1.0,-1,-1.0
926,2,1.0,27,S,2.0,A,0,1.0,NC,-1.0,-1,-1.0
927,2,1.0,27,S,2.0,A,0,1.0,NC,-1.0,-1,1.0
928,2,1.0,29,S,1.0,P,2,1.0,NC,-1.0,-1,-1.0
929,2,1.0,27,S,1.0,P,1,6.0,NC,-1.0,-1,1.0
930,2,1.0,29,N,0.0,A,1,1.0,NC,-1.0,-1,1.0
931,2,1.0,26,N,2.0,A,0,1.0,NC,-1.0,-1,-1.0
932,2,1.0,27,N,0.0,A,0,1.0,NC,-1.0,-1,1.0
933,1,1.0,33,S,1.0,A,1,1.0,NC,-1.0,-1,-1.0
934,2,2.0,27,S,1.0,A,0,1.0,NC,-1.0,-1,-1.0
935,2,1.0,28,S,0.0,A,0,1.0,NC,-1.0,-1,1.0
936,2,1.0,32,N,1.0,P,0,2.0,NC,-1.0,-1,-1.0
937,1,1.0,31,S,2.0,A,5,1.0,NC,-1.0,-1,1.0
938,1,1.0,26,S,0.0,A,0,1.0,NC,-1.0,-1,-1.0
939,1,1.0,29,S,1.0,A,1,1.0,NC,-1.0,-1,-1.0
940,2,1.0,33,N,2.0,P,2,1.0,NC,-1.0,-1,-1.0
941,1,1.0,27,N,1.0,P,1,1.0,NC,-1.0,-1,-1.0
942,2,1.0,27,S,0.0,A,0,1.0,NC,-1.0,-1,-1.0
943,1,1.0,27,S,1.0,A,0,1.0,NC,-1.0,-1,-1.0
944,2,1.0,36,N,1.0,P,1,1.0,NC,-1.0,-1,-1.0
945,2,1.0,26,S,1.0,P,0,1.0,NC,-1.0,-1,-1.0
946,2,1.0,43,N,1.0,P,1,1.0,NC,-1.0,-1,-1.0
947,2,1.0,35,S,1.0,A,1,1.0,NC,-1.0,-1,-1.0
948,2,1.0,28,S,2.0,A,1,1.0,NC,-1.0,-1,-1.0
949,1,1.0,29,N,1.0,A,0,1.0,NC,-1.0,-1,-1.0
950,2,1.0,27,N,1.0,A,0,1.0,NC,-1.0,-1,-1.0
951,1,1.0,27,N,1.0,A,0,1.0,NC,-1.0,4,5.0
952,2,1.0,27,N,2.0,A,0,1.0,NC,-1.0,3,5.0
953,1,1.0,27,S,2.0,A,0,1.0,NC,-1.0,-1,1.0
954,2,1.0,27,N,1.0,A,1,1.0,NC,-1.0,-1,1.0
955,1,1.0,27,S,2.0,A,0,1.0,NC,-1.0,-1,-1.0
956,2,1.0,27,S,0.0,A,1,1.0,NC,-1.0,-1,-1.0
958,1,1.0,27,S,1.0,A,0,1.0,NC,-1.0,-1,1.0
959,1,1.0,33,S,1.0,A,4,1.0,NC,-1.0,-1,1.0
960,1,1.0,27,S,2.0,A,0,1.0,NC,-1.0,-1,1.0
961,2,1.0,27,N,0.0,A,0,1.0,NC,-1.0,-1,-1.0
962,2,1.0,28,N,2.0,P,1,1.0,NC,-1.0,-1,-1.0
963,2,1.0,30,S,1.0,A,0,1.0,NC,-1.0,4,3.0
964,1,1.0,30,S,1.0,A,3,1.0,NC,-1.0,-1,-1.0
965,1,1.0,34,S,2.0,A,1,1.0,NC,-1.0,4,3.0
966,1,1.0,28,N,2.0,P,2,1.0,NC,-1.0,-1,-1.0
967,1,1.0,37,N,1.0,P,12,1.0,NC,-1.0,-1,1.0
968,2,1.0,32,N,1.0,P,1,1.0,NC,-1.0,-1,-1.0
969,2,1.0,32,S,2.0,A,1,1.0,NC,-1.0,4,5.0
970,2,1.0,38,S,0.0,A,1,1.0,NC,-1.0,4,5.0
971,2,1.0,27,S,2.0,A,0,1.0,NC,-1.0,4,5.0
972,2,1.0,25,N,1.0,A,1,1.0,NC,-1.0,-1,1.0
973,2,1.0,41,N,2.0,P,1,1.0,NC,-1.0,-1,-1.0
974,2,1.0,28,S,1.0,A,0,1.0,NC,-1.0,-1,-1.0
975,2,2.0,27,S,1.0,P,0,2.0,NC,1.0,3,5.0
976,2,1.0,28,N,2.0,P,1,1.0,NC,-1.0,1,5.0
977,1,1.0,37,S,1.0,A,9,1.0,NC,-1.0,-1,1.0
978,1,1.0,31,N,1.0,P,0,1.0,NC,-1.0,-1,-1.0
979,2,1.0,31,S,1.0,A,2,1.0,NC,-1.0,-1,7.0
980,2,1.0,31,N,1.0,A,2,1.0,NC,-1.0,-1,-1.0
981,2,1.0,27,S,0.0,A,0,1.0,NC,-1.0,-1,-1.0
982,2,1.0,25,S,0.0,P,0,1.0,NC,-1.0,-1,-1.0
983,2,1.0,30,S,0.0,A,0,1.0,NC,-1.0,-1,-1.0
984,2,1.0,30,N,0.0,A,0,1.0,NC,-1.0,4,3.0
985,2,1.0,32,S,1.0,A,0,1.0,NC,-1.0,-1,-1.0
986,2,1.0,31,S,1.0,A,0,1.0,NC,-1.0,4,5.0
987,2,1.0,28,N,1.0,P,1,1.0,NC,-1.0,4,5.0
988,2,1.0,35,S,0.0,A,1,1.0,NC,-1.0,-1,-1.0
989,2,1.0,29,N,0.0,P,1,1.0,NC,-1.0,4,4.0
990,1,1.0,37,N,1.0,A,2,1.0,NC,-1.0,4,3.0
991,1,1.0,33,N,0.0,A,0,1.0,NC,3.0,-1,2.0
992,1,1.0,30,N,1.0,A,0,1.0,NC,-1.0,4,3.0
993,2,1.0,27,N,0.0,P,0,1.0,NC,-1.0,4,3.0
994,2,1.0,27,S,1.0,P,0,1.0,NC,-1.0,-1,-1.0
995,2,1.0,26,S,1.0,A,2,2.0,NC,-1.0,4,5.0
996,1,1.0,26,S,1.0,A,1,1.0,NC,-1.0,-1,-1.0
997,1,1.0,30,S,2.0,A,0,1.0,NC,-1.0,-1,-1.0
998,1,1.0,26,N,2.0,P,1,1.0,NC,2.0,4,3.0
999,2,1.0,27,S,1.0,A,1,1.0,NC,-1.0,-1,-1.0
1000,2,1.0,31,N,1.0,A,0,1.0,NC,-1.0,-1,-1.0
1001,2,1.0,35,N,1.0,A,1,1.0,NC,-1.0,4,4.0
1002,2,1.0,29,N,0.0,P,1,1.0,NC,-1.0,-1,-1.0
1003,2,1.0,34,N,1.0,A,4,1.0,NC,-1.0,-1,-1.0
1004,2,1.0,32,N,1.0,P,0,1.0,NC,-1.0,-1,-1.0
1006,2,1.0,37,S,0.0,P,12,1.0,NC,-1.0,4,3.0
1007,1,1.0,26,N,1.0,A,1,1.0,NC,-1.0,4,4.0
1008,2,1.0,25,N,0.0,A,0,1.0,NC,-1.0,4,5.0
1009,2,1.0,27,N,1.0,A,0,1.0,NC,-1.0,-1,1.0
1010,1,1.0,27,N,0.0,P,0,1.0,NC,-1.0,-1,-1.0
1011,2,1.0,26,S,1.0,A,1,1.0,NC,-1.0,-1,-1.0
1012,2,2.0,25,N,1.0,A,0,1.0,NC,-1.0,-1,-1.0
1013,1,1.0,28,S,1.0,P,3,1.0,NC,-1.0,-1,-1.0
1014,1,1.0,25,N,2.0,A,1,1.0,NC,-1.0,-1,-1.0
1015,1,1.0,30,S,1.0,A,0,1.0,NC,-1.0,-1,-1.0
1016,1,1.0,26,N,1.0,A,0,1.0,NC,-1.0,-1,1.0
1017,1,1.0,27,N,1.0,A,0,1.0,NC,-1.0,-1,1.0
1018,1,1.0,26,S,1.0,P,1,1.0,NC,-1.0,-1,-1.0
1019,1,1.0,26,S,1.0,P,0,2.0,NC,-1.0,4,7.0
1020,2,1.0,29,N,2.0,P,3,1.0,NC,-1.0,4,2.0
1021,2,1.0,31,N,1.0,A,0,1.0,NC,-1.0,-1,1.0
1022,2,1.0,25,S,1.0,A,1,1.0,NC,-1.0,4,5.0
1023,2,1.0,31,N,1.0,P,2,1.0,NC,-1.0,-1,-1.0
1024,2,1.0,27,N,1.0,P,1,1.0,NC,-1.0,-1,-1.0
1025,1,1.0,27,N,2.0,P,1,1.0,NC,-1.0,-1,1.0
1026,1,1.0,25,S,0.0,A,0,1.0,NC,-1.0,4,3.0
1027,1,1.0,26,N,1.0,A,0,1.0,NC,-1.0,-1,-1.0
1028,2,1.0,26,S,0.0,A,0,1.0,NC,-1.0,-1,1.0
1029,2,1.0,26,S,0.0,A,0,1.0,NC,-1.0,-1,-1.0
1030,2,1.0,26,S,1.0,A,1,1.0,NC,-1.0,3,4.0
1031,2,1.0,25,S,2.0,P,0,1.0,NC,-1.0,3,5.0
1032,1,1.0,29,S,2.0,A,2,1.0,NC,4.0,-1,-1.0
1033,2,1.0,25,S,2.0,P,1,1.0,NC,-1.0,-1,-1.0
1034,2,1.0,25,S,0.0,A,0,1.0,NC,-1.0,-1,1.0
1035,2,1.0,31,N,1.0,P,3,1.0,NC,-1.0,-1,1.0
1036,2,1.0,26,S,0.0,A,1,1.0,N,4.0,3,5.0
1037,1,1.0,26,N,1.0,P,1,1.0,NC,-1.0,4,5.0
1038,1,1.0,26,N,0.0,A,0,1.0,NC,-1.0,4,3.0
1039,2,1.0,26,S,2.0,A,0,1.0,NC,-1.0,-1,1.0
1040,1,1.0,26,N,0.0,P,0,1.0,NC,4.0,-1,-1.0
1041,1,1.0,26,N,2.0,P,1,1.0,NC,-1.0,-1,-1.0
1042,2,1.0,28,S,1.0,A,1,1.0,NC,-1.0,-1,7.0
1043,1,1.0,26,N,1.0,P,1,1.0,N,4.0,4,5.0
1044,2,1.0,26,S,2.0,A,1,1.0,NC,4.0,4,3.0
1045,2,1.0,28,S,1.0,A,1,1.0,NC,-1.0,-1,-1.0
1046,1,1.0,25,N,1.0,P,0,1.0,NC,-1.0,-1,1.0
1047,2,1.0,42,S,0.0,P,0,1.0,NC,1.0,1,4.0
1048,2,1.0,34,S,0.0,A,1,1.0,NC,-1.0,-1,1.0
1049,1,1.0,33,N,2.0,P,1,1.0,S,4.0,4,5.0
1050,1,1.0,40,S,1.0,P,1,1.0,NC,-1.0,-1,1.0
1052,1,1.0,33,S,0.0,A,1,1.0,NC,4.0,-1,1.0
1053,2,1.0,35,N,0.0,P,11,1.0,NC,-1.0,4,3.0
1054,2,1.0,35,N,1.0,A,11,1.0,NC,-1.0,-1,-1.0
1055,1,1.0,47,N,2.0,P,3,1.0,NC,-1.0,3,4.0
1056,1,1.0,35,S,1.0,A,1,1.0,NC,-1.0,1,5.0
1057,1,1.0,33,S,2.0,A,1,1.0,NC,4.0,4,3.0
1058,1,1.0,25,S,1.0,A,0,2.0,NC,1.0,-1,-1.0
1059,2,1.0,26,N,1.0,A,1,1.0,NC,2.0,-1,1.0
1060,1,1.0,26,N,2.0,P,0,1.0,NC,-1.0,-1,1.0
1061,1,1.0,24,S,2.0,P,0,1.0,NC,-1.0,-1,1.0
1062,1,1.0,25,S,1.0,A,1,1.0,NC,-1.0,-1,1.0
1063,2,1.0,29,S,1.0,A,0,1.0,N,4.0,3,3.0
1064,1,2.0,27,N,1.0,A,0,1.0,NC,-1.0,4,1.0
1065,1,1.0,38,N,1.0,P,1,1.0,NC,-1.0,-1,1.0
1066,2,1.0,25,N,2.0,P,0,1.0,NC,-1.0,3,3.0
1067,2,2.0,25,N,1.0,P,0,1.0,NC,-1.0,4,5.0
1068,1,1.0,25,N,1.0,A,0,1.0,NC,-1.0,-1,1.0
1069,1,2.0,26,S,1.0,A,1,1.0,NC,1.0,-1,-1.0
1070,1,1.0,39,S,2.0,P,1,1.0,NC,-1.0,4,5.0
1071,1,1.0,25,N,1.0,P,0,1.0,NC,-1.0,-1,1.0
1073,1,1.0,25,S,1.0,A,1,1.0,NC,-1.0,-1,1.0
1074,1,1.0,26,N,1.0,A,0,1.0,NC,-1.0,4,5.0
1075,2,1.0,32,N,1.0,P,0,1.0,NC,-1.0,4,3.0
1077,1,1.0,25,N,1.0,A,0,1.0,NC,-1.0,-1,1.0
1078,2,1.0,26,S,2.0,A,0,1.0,NC,-1.0,4,3.0
1079,1,1.0,25,S,1.0,A,0,1.0,NC,4.0,1,4.0
1080,2,1.0,25,S,1.0,P,0,1.0,NC,-1.0,-1,1.0
1081,1,1.0,24,N,2.0,A,0,1.0,NC,-1.0,-1,1.0
1082,1,1.0,25,N,1.0,A,0,1.0,NC,-1.0,-1,1.0
1083,2,1.0,26,N,1.0,P,0,1.0,NC,-1.0,-1,1.0
1084,1,1.0,25,S,0.0,A,0,1.0,NC,1.0,-1,1.0
1085,2,1.0,34,N,1.0,A,0,1.0,NC,-1.0,-1,1.0
1086,2,1.0,31,N,1.0,P,1,1.0,NC,-1.0,-1,1.0
1087,2,1.0,25,S,1.0,A,0,1.0,NC,4.0,4,5.0
1088,2,1.0,27,S,2.0,A,0,1.0,NC,-1.0,-1,1.0
1089,2,1.0,25,S,0.0,A,0,1.0,NC,-1.0,4,5.0
1090,2,1.0,25,N,1.0,A,0,1.0,NC,4.0,1,3.0
1091,1,1.0,32,N,0.0,A,1,1.0,NC,2.0,-1,1.0
1092,1,1.0,25,S,2.0,A,0,1.0,NC,2.0,4,4.0
1093,1,1.0,26,S,0.0,A,0,1.0,NC,-1.0,-1,7.0
1094,2,1.0,30,N,1.0,A,3,1.0,NC,-1.0,3,7.0
1095,2,2.0,24,S,2.0,A,0,1.0,NC,-1.0,4,3.0
1096,2,1.0,25,S,2.0,A,0,1.0,NC,-1.0,1,5.0
1097,1,1.0,27,N,1.0,P,1,1.0,NC,-1.0,-1,1.0
1098,2,1.0,26,S,0.0,A,0,1.0,NC,1.0,3,4.0
1099,1,1.0,25,S,0.0,P,1,1.0,NC,-1.0,-1,1.0
1100,2,1.0,25,S,2.0,A,0,1.0,NC,1.0,4,5.0
1101,1,1.0,35,N,1.0,A,1,1.0,NC,2.0,-1,1.0
1102,2,1.0,31,S,2.0,A,0,1.0,NC,1.0,-1,1.0
1103,2,1.0,32,S,0.0,A,1,1.0,NC,-1.0,-1,1.0
1105,2,1.0,34,S,2.0,P,0,1.0,NC,-1.0,4,5.0
1106,2,1.0,25,N,0.0,A,0,1.0,NC,-1.0,-1,1.0
1107,2,1.0,25,S,0.0,A,0,4.0,NC,1.0,-1,1.0
1108,2,1.0,24,S,1.0,A,0,1.0,NC,2.0,-1,1.0
1109,2,1.0,29,S,1.0,A,3,1.0,NC,3.0,-1,1.0
1110,1,1.0,29,S,1.0,P,3,1.0,NC,-1.0,4,7.0
1111,2,1.0,39,N,1.0,A,0,1.0,NC,1.0,-1,1.0
1112,2,1.0,39,S,0.0,A,1,1.0,NC,-1.0,4,3.0
1113,2,1.0,25,N,2.0,P,0,1.0,NC,-1.0,-1,1.0
1114,1,1.0,34,N,0.0,A,5,1.0,NC,-1.0,-1,1.0
1115,2,1.0,29,N,1.0,A,1,1.0,NC,-1.0,-1,1.0
1116,2,1.0,32,N,2.0,P,1,1.0,S,4.0,3,5.0
1117,2,1.0,31,N,2.0,P,0,1.0,NC,-1.0,3,5.0
1118,1,1.0,23,S,2.0,P,0,1.0,NC,2.0,-1,-1.0
1119,2,1.0,23,S,0.0,P,0,1.0,NC,-1.0,4,5.0
1120,1,1.0,24,S,0.0,A,0,1.0,NC,4.0,3,3.0
1121,1,1.0,23,S,1.0,A,0,1.0,N,4.0,3,5.0
1122,1,1.0,26,S,1.0,A,2,1.0,NC,-1.0,-1,1.0
1123,1,1.0,24,S,1.0,P,0,1.0,NC,-1.0,-1,1.0
1124,1,1.0,24,N,0.0,A,0,1.0,NC,1.0,4,3.0
1125,2,1.0,23,N,1.0,P,0,1.0,NC,-1.0,-1,1.0
1126,2,1.0,23,N,1.0,A,0,1.0,NC,-1.0,4,5.0
1127,2,1.0,23,S,1.0,P,0,1.0,NC,-1.0,4,5.0
1128,1,1.0,23,N,1.0,A,0,2.0,NC,1.0,-1,1.0
1129,1,1.0,24,S,2.0,P,0,1.0,NC,-1.0,-1,7.0
1130,1,1.0,24,N,1.0,A,0,1.0,NC,-1.0,4,3.0
1131,1,1.0,24,N,2.0,A,0,1.0,NC,-1.0,-1,1.0
1132,1,1.0,25,N,1.0,A,1,1.0,NC,-1.0,4,3.0
1133,1,1.0,23,N,2.0,A,0,1.0,NC,-1.0,-1,1.0
1134,2,1.0,25,N,1.0,A,0,1.0,NC,1.0,-1,1.0
1135,2,1.0,23,S,1.0,P,0,1.0,NC,-1.0,4,5.0
1136,1,1.0,23,N,2.0,P,0,1.0,NC,-1.0,-1,1.0
1137,1,1.0,25,S,1.0,P,0,1.0,NC,3.0,-1,1.0
1138,1,1.0,24,N,2.0,A,0,1.0,NC,-1.0,-1,1.0
1139,1,1.0,24,N,2.0,A,0,1.0,NC,-1.0,-1,1.0
1140,1,1.0,24,N,2.0,A,0,1.0,NC,-1.0,1,5.0
1141,1,1.0,25,S,0.0,A,0,1.0,NC,-1.0,-1,1.0
1142,1,1.0,23,S,1.0,P,0,1.0,NC,-1.0,3,5.0
1143,1,1.0,23,S,0.0,A,0,2.0,NC,-1.0,-1,1.0
1144,1,1.0,24,S,2.0,P,0,1.0,NC,-1.0,-1,1.0
1145,1,1.0,25,N,2.0,P,0,1.0,NC,-1.0,3,5.0
1146,1,1.0,23,S,0.0,A,0,1.0,NC,-1.0,-1,1.0
1147,1,1.0,32,S,0.0,A,8,1.0,NC,-1.0,4,5.0
1148,1,1.0,23,N,1.0,P,0,1.0,NC,2.0,1,5.0
1149,1,1.0,24,S,1.0,A,0,1.0,NC,-1.0,-1,1.0
1150,2,1.0,25,S,0.0,A,0,1.0,NC,-1.0,-1,1.0
1151,1,1.0,27,S,1.0,A,3,1.0,NC,1.0,-1,1.0
1152,1,1.0,23,N,0.0,P,0,1.0,NC,4.0,-1,7.0
1153,1,1.0,23,N,1.0,P,0,1.0,NC,2.0,-1,1.0
1154,2,1.0,25,N,1.0,A,0,1.0,NC,1.0,-1,1.0
1155,2,1.0,27,N,0.0,A,2,1.0,NC,1.0,4,5.0
1156,2,1.0,25,S,1.0,A,0,1.0,NC,2.0,4,5.0
1157,1,1.0,24,N,2.0,A,1,1.0,NC,1.0,-1,1.0
1158,2,1.0,26,N,2.0,P,2,2.0,NC,1.0,4,3.0
1159,2,1.0,25,N,2.0,A,0,1.0,NC,-1.0,-1,1.0
1160,2,1.0,26,S,2.0,A,1,1.0,NC,-1.0,-1,1.0
1161,2,1.0,24,S,1.0,A,0,1.0,NC,-1.0,4,5.0
1162,2,1.0,25,N,2.0,A,1,1.0,NC,1.0,4,5.0
1163,2,1.0,23,S,0.0,A,0,1.0,NC,2.0,-1,1.0
1164,1,1.0,27,N,1.0,P,1,1.0,NC,-1.0,-1,1.0
1165,1,1.0,24,S,1.0,A,0,1.0,NC,-1.0,-1,1.0
1166,1,1.0,23,S,1.0,A,0,1.0,NC,-1.0,-1,1.0
1167,1,1.0,24,S,1.0,A,0,1.0,NC,2.0,-1,-1.0
1168,1,1.0,23,S,0.0,A,0,1.0,NC,-1.0,-1,1.0
1169,1,1.0,25,S,1.0,A,0,1.0,NC,-1.0,3,7.0
1170,1,1.0,24,N,0.0,P,0,1.0,NC,-1.0,4,5.0
1171,1,1.0,25,N,1.0,A,1,1.0,NC,-1.0,-1,-1.0
1172,1,1.0,24,N,1.0,A,0,1.0,NC,1.0,4,5.0
1173,1,1.0,32,S,1.0,A,8,1.0,NC,1.0,4,3.0
1174,1,1.0,25,S,0.0,A,0,1.0,NC,1.0,4,3.0
1175,1,1.0,26,S,2.0,A,0,1.0,NC,1.0,-1,-1.0
1176,1,1.0,23,N,1.0,P,0,1.0,NC,4.0,1,5.0
1177,1,1.0,25,S,0.0,P,0,1.0,NC,1.0,1,6.0
1178,1,1.0,26,S,2.0,A,1,1.0,NC,2.0,3,5.0
1179,1,1.0,25,N,1.0,A,1,1.0,NC,1.0,3,7.0
1180,1,1.0,23,S,0.0,A,0,1.0,NC,-1.0,3,7.0
1181,1,1.0,27,N,0.0,A,4,1.0,NC,-1.0,4,3.0
1182,1,1.0,24,S,0.0,A,0,1.0,S,4.0,3,4.0
1183,1,1.0,24,N,2.0,A,0,1.0,NC,-1.0,-1,1.0
1184,1,1.0,25,S,1.0,P,0,1.0,NC,1.0,-1,1.0
1185,1,1.0,24,S,1.0,A,0,1.0,NC,-1.0,-1,1.0
1186,1,1.0,24,S,1.0,A,0,1.0,NC,-1.0,-1,1.0
1187,1,1.0,24,N,1.0,A,0,1.0,NC,-1.0,-1,1.0
1188,2,1.0,23,S,1.0,A,0,1.0,NC,-1.0,-1,1.0
1189,1,1.0,23,S,1.0,A,0,1.0,NC,-1.0,-1,1.0
1190,2,1.0,27,N,2.0,A,3,1.0,NC,-1.0,-1,1.0
1191,1,1.0,24,N,1.0,A,0,1.0,NC,-1.0,-1,1.0
1192,1,1.0,23,S,0.0,A,0,6.0,NC,-1.0,-1,1.0
1193,1,1.0,23,S,0.0,A,0,1.0,NC,1.0,4,4.0
1194,1,1.0,25,N,0.0,A,2,1.0,NC,-1.0,-1,1.0
1195,1,1.0,31,N,0.0,A,6,1.0,NC,1.0,4,1.0
1196,1,1.0,23,S,2.0,P,0,2.0,NC,1.0,4,3.0
1197,2,1.0,26,S,1.0,A,1,1.0,NC,-1.0,3,5.0
1198,1,1.0,25,N,0.0,A,1,1.0,NC,-1.0,-1,1.0
1199,1,1.0,24,S,1.0,A,0,1.0,NC,1.0,4,3.0
1200,1,1.0,25,S,1.0,P,1,2.0,NC,4.0,3,3.0
1201,1,1.0,24,S,1.0,A,0,1.0,NC,1.0,1,5.0
1202,1,1.0,23,S,2.0,A,0,1.0,NC,-1.0,1,5.0
1203,1,1.0,27,S,0.0,A,2,1.0,NC,-1.0,-1,-1.0
1204,2,1.0,25,N,1.0,P,0,1.0,NC,2.0,-1,4.0
1205,2,1.0,24,S,2.0,A,0,1.0,NC,-1.0,-1,-1.0
1206,2,3.0,23,S,0.0,A,0,1.0,NC,-1.0,-1,1.0
1207,1,1.0,24,N,1.0,A,0,1.0,NC,2.0,4,5.0
1208,1,1.0,23,N,1.0,P,0,1.0,NC,1.0,-1,1.0
1209,2,1.0,23,N,1.0,A,0,1.0,NC,-1.0,-1,1.0
1210,2,1.0,25,N,0.0,A,0,1.0,NC,1.0,-1,1.0
1211,1,1.0,23,N,2.0,P,0,1.0,NC,1.0,-1,1.0
1212,1,1.0,24,S,1.0,A,0,1.0,NC,2.0,1,4.0
1213,2,3.0,26,S,1.0,A,2,1.0,NC,1.0,-1,1.0
1214,2,1.0,23,S,0.0,A,0,1.0,NC,1.0,-1,1.0
1215,1,1.0,23,N,1.0,P,0,1.0,NC,-1.0,-1,1.0
1216,1,1.0,24,S,1.0,A,0,1.0,NC,1.0,-1,-1.0
1217,1,1.0,27,S,1.0,A,2,1.0,NC,1.0,-1,1.0
1218,1,1.0,25,N,1.0,A,1,1.0,NC,1.0,-1,1.0
1219,1,1.0,27,S,1.0,A,3,1.0,NC,4.0,3,5.0
1220,1,1.0,24,N,0.0,A,0,1.0,NC,-1.0,-1,-1.0
1221,1,3.0,24,N,2.0,P,0,1.0,NC,1.0,-1,5.0
1222,1,1.0,23,S,2.0,A,0,1.0,NC,2.0,-1,4.0
1223,1,1.0,30,S,0.0,A,6,1.0,NC,-1.0,4,3.0
1224,1,1.0,24,S,2.0,A,0,1.0,NC,1.0,-1,-1.0
1225,1,1.0,27,N,1.0,A,3,1.0,NC,3.0,-1,1.0
1226,1,1.0,23,S,0.0,A,0,1.0,NC,1.0,-1,1.0
1227,1,1.0,24,N,1.0,P,1,1.0,NC,1.0,-1,1.0
1228,1,1.0,27,N,2.0,A,3,1.0,NC,1.0,-1,1.0
1229,2,1.0,31,N,2.0,P,4,1.0,NC,-1.0,-1,1.0
1230,1,1.0,28,S,2.0,A,1,1.0,NC,1.0,4,3.0
1231,1,1.0,27,S,1.0,A,1,1.0,NC,1.0,-1,1.0
1232,1,1.0,24,S,1.0,A,0,1.0,NC,2.0,-1,1.0
1233,1,1.0,25,S,2.0,A,0,1.0,NC,2.0,-1,1.0
1234,2,2.0,24,S,1.0,P,0,1.0,NC,-1.0,-1,-1.0
1235,1,2.0,24,N,1.0,A,0,1.0,NC,4.0,3,5.0
1236,1,1.0,24,N,1.0,A,0,1.0,NC,1.0,4,5.0
1237,1,1.0,25,S,2.0,A,1,1.0,NC,1.0,-1,1.0
1238,1,1.0,23,S,0.0,A,0,1.0,NC,4.0,3,5.0
1239,1,1.0,25,S,1.0,P,1,1.0,NC,-1.0,-1,-1.0
1240,1,1.0,23,N,1.0,P,0,1.0,NC,-1.0,4,5.0
1241,1,1.0,25,S,0.0,P,0,1.0,NC,2.0,4,5.0
1242,1,1.0,24,S,2.0,P,0,1.0,NC,-1.0,-1,1.0
1243,1,1.0,24,N,2.0,P,0,1.0,NC,1.0,-1,1.0
1244,1,1.0,24,S,0.0,P,1,1.0,NC,2.0,-1,1.0
1245,1,1.0,22,S,0.0,A,0,1.0,NC,2.0,-1,1.0
1246,1,1.0,24,S,1.0,A,0,1.0,NC,4.0,1,5.0
1247,1,1.0,27,N,0.0,A,1,1.0,NC,-1.0,-1,-1.0
1248,1,1.0,23,N,1.0,P,0,1.0,NC,2.0,3,3.0
1249,2,1.0,25,S,1.0,A,1,1.0,NC,4.0,-1,-1.0
1250,2,1.0,24,S,0.0,A,0,1.0,S,4.0,4,3.0
1251,2,1.0,26,N,0.0,P,1,1.0,NC,2.0,4,3.0
1252,1,1.0,25,S,0.0,A,0,1.0,NC,1.0,-1,1.0
1253,1,1.0,24,S,1.0,P,0,1.0,NC,1.0,1,5.0
1254,1,1.0,23,N,1.0,P,0,1.0,S,4.0,1,5.0
1255,1,1.0,26,S,0.0,A,3,1.0,NC,1.0,1,3.0
1256,1,1.0,24,N,1.0,A,0,1.0,NC,-1.0,4,3.0
1257,1,1.0,23,N,1.0,P,0,1.0,NC,2.0,1,4.0
1258,1,1.0,23,S,0.0,A,0,1.0,NC,4.0,-1,1.0
1259,1,1.0,28,S,1.0,A,4,1.0,N,4.0,1,3.0
1260,1,1.0,27,N,1.0,P,2,1.0,NC,1.0,1,5.0
1261,1,1.0,23,S,0.0,A,0,1.0,NC,4.0,1,3.0
1262,2,1.0,23,S,2.0,A,0,1.0,N,4.0,2,3.0
1263,1,1.0,24,S,2.0,A,0,1.0,NC,1.0,1,3.0
1264,1,1.0,24,N,2.0,A,0,1.0,NC,-1.0,-1,1.0
1265,1,1.0,24,S,1.0,P,0,1.0,NC,2.0,4,5.0
1266,1,1.0,24,S,2.0,A,0,1.0,NC,1.0,-1,1.0
1267,1,1.0,23,N,0.0,A,0,1.0,NC,-1.0,4,5.0
1268,1,1.0,25,S,1.0,A,0,1.0,NC,2.0,4,3.0
1269,1,1.0,24,N,1.0,P,0,1.0,NC,2.0,4,3.0
1270,1,1.0,26,N,0.0,P,1,2.0,S,4.0,2,3.0
1271,1,1.0,24,S,1.0,A,0,1.0,NC,2.0,-1,1.0
1272,2,1.0,24,N,0.0,P,0,1.0,NC,3.0,4,3.0
1273,2,1.0,38,N,1.0,P,13,1.0,NC,2.0,3,5.0
1274,1,1.0,26,N,1.0,P,0,1.0,N,1.0,1,3.0
1275,1,1.0,26,S,0.0,A,0,1.0,NC,1.0,1,5.0
1276,2,1.0,24,S,1.0,A,2,1.0,NC,4.0,2,4.0
1277,2,1.0,24,S,1.0,P,0,1.0,NC,2.0,-1,1.0
1278,1,1.0,25,S,2.0,P,1,1.0,NC,2.0,4,3.0
1279,1,1.0,23,N,1.0,P,0,1.0,NC,4.0,1,3.0
1280,2,1.0,23,N,2.0,P,0,1.0,NC,4.0,4,5.0
1281,1,1.0,23,N,1.0,A,0,1.0,NC,1.0,4,5.0
1282,1,1.0,26,S,1.0,A,1,1.0,NC,-1.0,-1,1.0
1283,2,1.0,24,S,1.0,A,0,1.0,NC,4.0,3,3.0
1284,1,2.0,29,N,2.0,P,5,1.0,NC,1.0,-1,1.0
1285,1,1.0,37,N,0.0,A,13,1.0,NC,3.0,-1,1.0
1286,1,1.0,24,S,1.0,A,0,1.0,NC,-1.0,3,3.0
1287,1,1.0,25,S,1.0,A,1,1.0,NC,-1.0,-1,1.0
1288,1,1.0,23,S,0.0,A,0,1.0,S,4.0,4,5.0
1289,2,1.0,24,S,0.0,A,0,1.0,NC,1.0,1,5.0
1290,1,1.0,23,N,0.0,A,0,1.0,NC,-1.0,1,7.0
1291,1,1.0,25,N,1.0,A,0,1.0,NC,1.0,-1,1.0
1292,1,1.0,23,N,1.0,A,0,1.0,NC,2.0,-1,7.0
1293,2,1.0,23,S,2.0,A,0,1.0,NC,3.0,-1,1.0
1294,2,1.0,25,N,1.0,P,1,1.0,NC,-1.0,-1,-1.0
1295,2,1.0,24,N,1.0,P,1,1.0,NC,4.0,3,3.0
1296,1,1.0,26,N,0.0,A,2,1.0,NC,4.0,1,5.0
1297,1,1.0,23,N,0.0,P,0,1.0,NC,4.0,4,3.0
1298,1,1.0,23,S,1.0,P,0,1.0,NC,4.0,-1,-1.0
1299,2,2.0,24,N,0.0,P,0,1.0,NC,4.0,1,3.0
1300,2,1.0,25,N,2.0,A,0,1.0,NC,2.0,-1,1.0
1301,1,1.0,58,S,2.0,A,0,1.0,S,4.0,1,5.0
1302,1,1.0,23,S,1.0,A,0,1.0,N,4.0,3,3.0
1303,2,1.0,26,S,1.0,A,3,1.0,NC,4.0,1,5.0
1304,2,1.0,24,S,1.0,A,0,1.0,NC,4.0,1,5.0
1305,2,1.0,27,S,2.0,A,1,1.0,NC,1.0,1,5.0
1306,2,1.0,24,S,1.0,P,0,1.0,NC,4.0,1,5.0
1307,1,1.0,23,S,2.0,A,0,1.0,N,3.0,3,3.0
1308,1,1.0,23,N,2.0,A,0,1.0,N,4.0,1,4.0
1309,2,1.0,24,S,1.0,P,0,1.0,NC,1.0,-1,7.0
1310,2,1.0,24,N,2.0,A,0,1.0,NC,4.0,-1,-1.0
1311,2,1.0,24,N,0.0,P,0,1.0,NC,4.0,1,5.0
1312,2,1.0,23,S,0.0,A,0,2.0,S,2.0,3,5.0
1313,1,1.0,31,S,1.0,A,6,1.0,NC,4.0,-1,-1.0
1314,1,2.0,24,S,1.0,A,0,1.0,N,4.0,4,5.0
1315,2,1.0,34,S,1.0,A,1,1.0,N,4.0,1,5.0
1316,2,1.0,26,N,1.0,P,1,1.0,NC,1.0,1,3.0
1317,2,1.0,23,N,2.0,A,0,1.0,NC,3.0,1,2.0
1318,1,1.0,25,S,1.0,P,0,1.0,NC,2.0,1,5.0
1319,2,1.0,23,N,2.0,A,0,1.0,NC,1.0,3,4.0
1320,2,1.0,24,N,2.0,P,0,1.0,NC,1.0,-1,7.0
1321,1,1.0,24,S,2.0,P,0,1.0,N,4.0,1,3.0
1322,1,1.0,24,N,1.0,A,0,1.0,NC,3.0,-1,-1.0
1323,2,1.0,34,N,0.0,P,10,1.0,N,4.0,-1,5.0
1324,2,1.0,26,N,2.0,P,0,1.0,NC,4.0,3,4.0
1325,2,1.0,23,N,1.0,P,0,1.0,NC,4.0,3,3.0
1326,1,1.0,23,S,2.0,A,0,1.0,NC,-1.0,4,3.0
1327,1,1.0,26,N,0.0,P,3,1.0,NC,-1.0,4,3.0
1328,2,1.0,27,S,1.0,P,2,1.0,NC,4.0,1,3.0
1329,2,1.0,24,S,1.0,A,0,1.0,NC,1.0,-1,-1.0
1330,2,1.0,24,N,1.0,A,0,1.0,NC,1.0,-1,-1.0
1331,1,1.0,23,N,1.0,A,0,1.0,NC,-1.0,-1,-1.0
1332,1,1.0,25,S,2.0,P,0,1.0,NC,-1.0,1,5.0
1333,1,2.0,30,S,2.0,P,7,1.0,NC,1.0,4,3.0
1334,1,1.0,26,S,1.0,A,0,1.0,NC,-1.0,4,5.0
1335,2,1.0,43,N,1.0,P,0,1.0,NC,-1.0,4,3.0
1336,2,1.0,24,N,0.0,A,0,1.0,NC,1.0,4,3.0
1337,2,3.0,24,N,1.0,P,0,1.0,NC,1.0,4,5.0
1338,2,1.0,24,S,2.0,A,0,1.0,NC,1.0,4,3.0
1339,1,1.0,24,S,1.0,P,0,1.0,NC,-1.0,-1,-1.0
1340,1,1.0,24,S,1.0,A,0,1.0,S,1.0,-1,1.0
1341,2,1.0,25,N,1.0,A,0,1.0,NC,1.0,-1,-1.0
1342,2,1.0,23,S,0.0,A,0,2.0,NC,1.0,4,1.0
1343,2,1.0,23,N,0.0,P,0,1.0,NC,1.0,4,5.0
1344,2,2.0,23,S,0.0,A,0,1.0,NC,-1.0,4,3.0
1345,1,1.0,24,S,1.0,A,0,1.0,NC,2.0,4,5.0
1346,2,2.0,24,N,2.0,A,0,1.0,NC,-1.0,-1,-1.0
1347,1,1.0,24,N,0.0,A,0,1.0,NC,-1.0,4,1.0
1348,1,1.0,23,N,1.0,A,0,1.0,NC,-1.0,-1,-1.0
1349,1,1.0,31,N,0.0,A,6,1.0,NC,-1.0,-1,-1.0
1350,2,1.0,24,N,1.0,P,0,1.0,NC,-1.0,-1,-1.0
1351,2,1.0,23,S,0.0,A,0,1.0,NC,-1.0,3,5.0
1352,1,1.0,23,N,0.0,A,0,1.0,NC,-1.0,-1,-1.0
1353,2,1.0,28,N,2.0,P,3,1.0,NC,-1.0,-1,-1.0
1354,2,1.0,23,N,2.0,P,0,1.0,NC,1.0,-1,-1.0
1355,1,1.0,25,S,0.0,A,0,1.0,NC,1.0,4,5.0
1356,2,1.0,30,N,0.0,A,7,1.0,NC,1.0,4,3.0
1357,2,1.0,24,S,1.0,A,0,1.0,NC,-1.0,-1,-1.0
1358,2,1.0,24,N,1.0,A,0,1.0,NC,-1.0,-1,-1.0
1359,2,1.0,24,S,2.0,A,0,1.0,NC,-1.0,-1,-1.0
1360,1,1.0,24,N,1.0,A,0,1.0,NC,-1.0,-1,-1.0
1361,2,1.0,25,S,0.0,A,0,2.0,NC,1.0,4,3.0
1362,1,1.0,23,S,2.0,A,0,1.0,NC,-1.0,-1,-1.0
1363,2,1.0,23,N,0.0,A,0,1.0,NC,-1.0,-1,-1.0
1364,2,1.0,24,S,2.0,A,0,1.0,NC,1.0,4,2.0
1365,1,1.0,23,N,2.0,P,0,1.0,NC,4.0,1,5.0
1366,1,1.0,23,S,1.0,A,0,1.0,NC,-1.0,-1,-1.0
1367,1,1.0,29,S,0.0,A,0,1.0,NC,-1.0,4,5.0
1368,2,1.0,24,S,1.0,A,0,1.0,NC,-1.0,-1,-1.0
1369,2,1.0,26,S,0.0,P,0,1.0,NC,2.0,-1,-1.0
1370,1,1.0,26,S,2.0,A,0,1.0,NC,4.0,3,3.0
1371,1,1.0,24,S,1.0,A,0,1.0,S,4.0,1,5.0
1372,2,1.0,24,S,2.0,P,0,1.0,NC,1.0,4,3.0
1373,2,1.0,35,S,0.0,A,10,1.0,NC,1.0,4,3.0
1374,1,1.0,23,S,1.0,A,0,1.0,NC,-1.0,-1,-1.0
1375,1,1.0,27,N,0.0,P,4,1.0,NC,-1.0,-1,-1.0
1376,2,1.0,23,S,2.0,P,0,1.0,NC,-1.0,4,3.0
1377,1,1.0,24,S,1.0,A,0,1.0,NC,2.0,-1,-1.0
1378,2,1.0,25,S,2.0,A,0,1.0,NC,-1.0,-1,-1.0
1379,2,1.0,24,N,2.0,A,0,1.0,NC,-1.0,-1,-1.0
1380,2,1.0,23,S,0.0,A,0,1.0,NC,-1.0,4,5.0
1381,2,1.0,24,N,0.0,P,0,1.0,NC,2.0,1,5.0
1382,1,1.0,23,N,1.0,A,0,1.0,NC,1.0,3,5.0
1383,2,1.0,24,S,1.0,A,0,1.0,NC,4.0,1,5.0
1384,1,1.0,25,N,1.0,P,1,1.0,NC,-1.0,-1,-1.0
1385,2,3.0,24,S,1.0,P,0,1.0,NC,-1.0,-1,-1.0
1386,1,1.0,23,S,2.0,A,0,1.0,NC,-1.0,1,5.0
1387,1,1.0,23,N,1.0,P,0,1.0,NC,-1.0,-1,-1.0
1388,2,1.0,24,N,0.0,A,0,1.0,NC,-1.0,4,5.0
1389,2,1.0,24,S,0.0,P,0,1.0,NC,-1.0,4,3.0
1390,2,1.0,24,N,1.0,P,0,1.0,NC,-1.0,-1,-1.0
1391,1,1.0,34,N,1.0,A,0,1.0,NC,-1.0,4,5.0
1392,2,1.0,24,N,1.0,A,0,1.0,NC,-1.0,-1,-1.0
1393,2,1.0,23,N,2.0,P,0,1.0,NC,1.0,4,3.0
1394,1,1.0,25,N,1.0,A,0,1.0,NC,-1.0,-1,-1.0
1395,2,1.0,23,N,1.0,P,0,1.0,NC,-1.0,-1,-1.0
1396,2,1.0,23,S,1.0,A,0,1.0,NC,-1.0,-1,-1.0
1397,1,1.0,30,N,1.0,P,7,1.0,NC,-1.0,4,5.0
1398,1,1.0,24,N,2.0,P,0,1.0,NC,1.0,-1,-1.0
1399,2,1.0,40,S,1.0,A,16,1.0,NC,1.0,-1,-1.0
1400,2,1.0,26,S,1.0,A,2,1.0,N,4.0,1,3.0
1401,2,1.0,25,N,2.0,P,0,2.0,NC,1.0,4,3.0
1402,1,1.0,31,S,1.0,A,5,1.0,NC,1.0,4,3.0
1403,2,1.0,24,N,1.0,P,0,1.0,NC,-1.0,-1,-1.0
1404,2,1.0,24,N,2.0,P,0,1.0,NC,-1.0,4,3.0
1405,1,1.0,25,S,2.0,A,1,1.0,NC,-1.0,-1,-1.0
1406,2,1.0,23,S,0.0,A,0,1.0,NC,-1.0,-1,-1.0
1407,2,1.0,29,N,0.0,A,0,1.0,NC,-1.0,-1,-1.0
1408,1,1.0,26,S,1.0,A,1,1.0,NC,1.0,4,5.0
1409,1,1.0,26,S,1.0,A,0,1.0,NC,-1.0,-1,-1.0
1410,1,1.0,23,N,2.0,A,0,1.0,NC,-1.0,4,5.0
1411,1,1.0,23,N,1.0,P,0,1.0,NC,-1.0,4,5.0
1412,2,1.0,24,N,2.0,P,0,1.0,NC,-1.0,4,3.0
1413,2,1.0,26,S,0.0,A,0,1.0,S,4.0,-1,5.0
1414,1,1.0,26,N,2.0,A,0,1.0,NC,-1.0,-1,-1.0
1415,1,1.0,24,S,1.0,A,0,1.0,NC,-1.0,-1,-1.0
1416,1,1.0,24,S,0.0,A,0,1.0,NC,-1.0,-1,-1.0
1417,1,1.0,24,N,1.0,A,0,3.0,NC,-1.0,1,4.0
1418,2,1.0,23,S,1.0,A,0,1.0,NC,-1.0,-1,-1.0
1419,2,1.0,23,N,2.0,P,0,1.0,NC,-1.0,4,2.0
1420,2,1.0,25,N,2.0,A,1,1.0,NC,-1.0,-1,7.0
1421,1,1.0,24,S,2.0,A,0,1.0,NC,-1.0,4,7.0
1422,2,1.0,23,N,1.0,P,0,1.0,NC,-1.0,4,3.0
1423,2,1.0,24,N,2.0,A,0,1.0,NC,-1.0,-1,-1.0
1424,1,1.0,24,S,1.0,A,0,1.0,NC,-1.0,-1,-1.0
1425,2,1.0,23,N,1.0,P,0,1.0,NC,-1.0,-1,-1.0
1426,1,1.0,24,S,0.0,A,1,1.0,NC,1.0,4,3.0
1427,2,1.0,26,N,1.0,P,0,1.0,NC,-1.0,4,3.0
1428,1,1.0,26,S,1.0,A,2,1.0,NC,-1.0,-1,-1.0
1429,2,1.0,23,N,1.0,A,0,1.0,NC,-1.0,4,5.0
1430,2,1.0,23,N,0.0,P,0,1.0,NC,-1.0,4,5.0
1431,1,1.0,23,S,1.0,A,0,1.0,NC,-1.0,-1,-1.0
1432,1,1.0,24,N,0.0,A,0,1.0,NC,-1.0,-1,-1.0
1433,2,1.0,25,N,1.0,P,0,1.0,NC,-1.0,3,4.0
1434,2,1.0,24,N,1.0,A,0,1.0,NC,-1.0,4,5.0
1435,1,1.0,23,S,0.0,P,0,1.0,NC,-1.0,-1,-1.0
1436,1,1.0,24,S,1.0,A,0,1.0,NC,-1.0,-1,-1.0
1437,1,1.0,26,N,0.0,P,0,1.0,NC,-1.0,4,5.0
1438,2,1.0,23,N,0.0,A,0,1.0,NC,-1.0,-1,-1.0
1439,1,1.0,26,S,1.0,A,1,1.0,NC,-1.0,4,5.0
1440,1,1.0,23,S,1.0,A,0,1.0,NC,-1.0,-1,-1.0
1441,1,1.0,23,S,1.0,A,0,1.0,NC,-1.0,-1,-1.0
1442,1,1.0,23,N,1.0,P,0,1.0,NC,-1.0,-1,-1.0
1443,1,1.0,25,S,1.0,A,1,1.0,NC,2.0,-1,1.0
1444,2,1.0,23,S,1.0,A,0,1.0,NC,-1.0,-1,-1.0
1445,1,1.0,24,N,1.0,A,0,1.0,NC,-1.0,-1,1.0
1446,2,1.0,33,S,2.0,P,6,1.0,NC,-1.0,4,3.0
1447,1,1.0,24,N,0.0,P,0,1.0,NC,-1.0,-1,-1.0
1448,2,1.0,26,N,1.0,A,1,1.0,NC,-1.0,-1,-1.0
1449,2,1.0,24,N,2.0,A,0,1.0,NC,2.0,1,5.0
1450,2,1.0,37,S,0.0,A,12,1.0,NC,1.0,-1,-1.0
1451,2,1.0,23,S,0.0,P,0,1.0,NC,-1.0,-1,-1.0
1452,1,1.0,25,S,0.0,A,0,1.0,NC,-1.0,-1,-1.0
1453,1,1.0,56,S,0.0,A,28,1.0,NC,-1.0,-1,5.0
1454,2,1.0,25,S,2.0,A,1,1.0,NC,-1.0,-1,-1.0
1455,2,1.0,24,S,1.0,A,0,1.0,NC,-1.0,-1,-1.0
1456,2,1.0,24,S,1.0,P,0,1.0,NC,-1.0,4,3.0
1457,2,1.0,24,S,2.0,A,0,1.0,NC,1.0,4,3.0
1458,1,1.0,31,S,0.0,A,6,1.0,S,4.0,-1,-1.0
1459,2,1.0,24,S,1.0,P,0,1.0,NC,-1.0,4,3.0
1460,2,1.0,25,N,1.0,P,0,1.0,NC,4.0,1,5.0
1461,1,1.0,25,S,0.0,A,0,1.0,NC,-1.0,1,5.0
1462,1,1.0,43,S,1.0,A,18,1.0,NC,-1.0,4,3.0
1463,1,1.0,23,N,1.0,P,0,1.0,NC,1.0,4,3.0
1464,2,1.0,24,S,0.0,A,0,1.0,NC,-1.0,4,3.0
1465,1,1.0,24,N,1.0,P,0,1.0,NC,-1.0,-1,-1.0
1466,1,1.0,23,S,1.0,A,0,2.0,NC,-1.0,4,5.0
1467,1,1.0,23,N,1.0,A,0,1.0,NC,4.0,3,5.0
1468,1,1.0,29,N,2.0,P,5,1.0,NC,-1.0,-1,7.0
1469,1,1.0,25,N,2.0,A,2,1.0,NC,-1.0,-1,-1.0
1470,1,1.0,23,N,1.0,P,0,1.0,NC,-1.0,-1,-1.0
1471,2,1.0,24,S,2.0,A,0,1.0,NC,-1.0,4,5.0
1472,1,1.0,25,S,1.0,A,0,1.0,NC,-1.0,4,3.0
1473,1,1.0,24,S,1.0,A,0,1.0,NC,-1.0,4,5.0
1474,2,1.0,23,N,1.0,A,0,1.0,NC,-1.0,-1,-1.0
1475,1,1.0,36,N,1.0,P,12,1.0,NC,-1.0,-1,-1.0
1476,2,1.0,24,N,1.0,A,0,1.0,NC,-1.0,-1,-1.0
1477,2,1.0,25,N,1.0,P,0,1.0,NC,-1.0,4,1.0
1478,1,1.0,24,S,2.0,A,0,1.0,NC,-1.0,-1,-1.0
1479,1,1.0,29,N,1.0,P,0,1.0,NC,-1.0,4,5.0
1480,2,1.0,26,S,1.0,P,0,1.0,NC,-1.0,1,5.0
1481,1,1.0,23,S,0.0,A,0,1.0,NC,-1.0,-1,-1.0
1482,2,1.0,24,N,1.0,A,0,1.0,NC,-1.0,1,5.0
1483,2,1.0,24,S,2.0,P,0,1.0,NC,4.0,-1,-1.0
1484,2,1.0,25,S,2.0,P,0,1.0,N,4.0,3,3.0
1485,2,1.0,29,N,0.0,A,5,1.0,NC,-1.0,-1,-1.0
1486,1,1.0,29,N,0.0,P,0,1.0,NC,-1.0,-1,4.0
1487,1,1.0,25,S,0.0,P,1,1.0,NC,-1.0,-1,-1.0
1488,2,1.0,25,N,0.0,P,0,1.0,NC,-1.0,-1,-1.0
1489,2,1.0,23,N,1.0,A,0,1.0,NC,-1.0,-1,-1.0
1490,2,1.0,23,S,1.0,A,0,2.0,S,4.0,3,3.0
1491,2,1.0,28,S,2.0,A,0,1.0,NC,-1.0,-1,-1.0
1492,2,1.0,23,N,1.0,P,0,1.0,NC,2.0,-1,-1.0
1493,1,1.0,23,S,2.0,A,0,1.0,NC,-1.0,4,3.0
1494,2,1.0,24,N,2.0,P,1,1.0,NC,-1.0,-1,-1.0
1495,2,1.0,24,N,0.0,A,0,1.0,NC,4.0,1,5.0
1496,1,1.0,24,S,2.0,A,0,1.0,NC,-1.0,4,4.0
1497,2,1.0,25,S,1.0,A,1,1.0,NC,-1.0,1,5.0
1498,2,1.0,24,N,1.0,A,0,1.0,NC,-1.0,-1,-1.0
1499,2,1.0,23,N,1.0,A,0,1.0,NC,2.0,1,5.0
1500,1,1.0,24,N,1.0,A,0,1.0,NC,-1.0,-1,-1.0
1501,2,1.0,23,N,1.0,P,0,1.0,NC,-1.0,-1,-1.0
1502,1,1.0,26,N,0.0,P,0,1.0,NC,1.0,4,5.0
1503,1,1.0,31,N,0.0,A,6,1.0,NC,-1.0,-1,-1.0
1504,2,1.0,27,N,1.0,P,0,1.0,NC,-1.0,4,3.0
1505,2,1.0,24,N,2.0,P,0,1.0,NC,-1.0,-1,-1.0
1506,2,1.0,23,S,1.0,A,0,1.0,NC,-1.0,-1,-1.0
1507,2,1.0,23,N,0.0,A,0,1.0,NC,-1.0,-1,-1.0
1508,1,1.0,24,S,1.0,A,0,1.0,NC,4.0,1,5.0
1509,2,1.0,25,S,2.0,A,0,1.0,NC,-1.0,-1,7.0
1510,2,1.0,24,N,2.0,P,0,1.0,NC,-1.0,-1,5.0
1511,1,1.0,24,N,2.0,P,0,1.0,NC,-1.0,4,5.0
1512,1,1.0,24,N,2.0,P,0,1.0,NC,4.0,-1,-1.0
1513,2,1.0,23,N,1.0,P,0,1.0,NC,-1.0,3,5.0
1514,2,1.0,24,N,0.0,P,0,1.0,NC,-1.0,-1,-1.0
1515,2,1.0,24,S,1.0,A,1,1.0,NC,1.0,-1,1.0
1516,2,1.0,25,S,0.0,A,2,1.0,NC,-1.0,-1,-1.0
1517,2,1.0,27,N,1.0,A,1,2.0,NC,-1.0,4,5.0
1518,2,1.0,24,S,2.0,P,0,1.0,NC,-1.0,-1,-1.0
1519,1,1.0,26,N,0.0,A,3,1.0,NC,-1.0,-1,-1.0
1520,1,1.0,23,N,1.0,P,0,1.0,NC,-1.0,4,5.0
1521,1,1.0,58,S,1.0,A,0,1.0,NC,-1.0,4,4.0
1522,1,1.0,25,N,1.0,P,0,1.0,NC,-1.0,-1,-1.0
1523,2,1.0,24,N,1.0,P,0,1.0,NC,-1.0,1,5.0
1524,2,1.0,23,S,1.0,A,0,6.0,NC,-1.0,1,3.0
1525,1,1.0,28,N,1.0,P,0,1.0,NC,4.0,1,5.0
1526,1,1.0,24,N,1.0,P,0,1.0,NC,-1.0,-1,-1.0
1527,2,1.0,23,S,1.0,A,0,1.0,NC,-1.0,-1,-1.0
1528,2,1.0,24,S,1.0,A,0,1.0,NC,-1.0,4,3.0
1529,2,1.0,23,S,1.0,A,0,1.0,NC,4.0,3,5.0
1530,1,1.0,26,S,1.0,A,2,1.0,NC,-1.0,1,5.0
1531,2,1.0,32,S,1.0,A,1,1.0,NC,-1.0,4,3.0
1532,1,1.0,24,S,0.0,A,1,1.0,NC,-1.0,-1,-1.0
1533,2,1.0,25,S,0.0,A,1,1.0,NC,-1.0,-1,-1.0
1534,2,1.0,23,N,1.0,A,0,1.0,NC,1.0,-1,-1.0
1535,2,1.0,23,S,2.0,A,0,1.0,NC,-1.0,-1,-1.0
1536,2,1.0,25,S,1.0,P,1,1.0,NC,-1.0,-1,-1.0
1537,1,1.0,23,S,1.0,A,0,1.0,NC,-1.0,3,5.0
1538,2,1.0,24,N,2.0,P,0,1.0,NC,-1.0,-1,1.0
1539,2,1.0,24,S,2.0,P,0,1.0,NC,-1.0,-1,-1.0
1540,2,1.0,24,N,0.0,A,0,1.0,NC,-1.0,3,4.0
1541,2,1.0,23,S,1.0,A,0,1.0,NC,4.0,1,5.0
1542,1,1.0,23,S,0.0,A,0,1.0,NC,4.0,1,6.0
1543,2,1.0,25,N,0.0,P,0,1.0,NC,-1.0,-1,-1.0
1544,2,1.0,25,S,1.0,A,0,1.0,NC,-1.0,-1,-1.0
1545,1,1.0,24,S,0.0,A,0,1.0,NC,-1.0,-1,-1.0
1546,1,1.0,25,S,1.0,A,0,1.0,NC,-1.0,-1,-1.0
1547,1,1.0,23,S,2.0,P,0,1.0,NC,-1.0,-1,-1.0
1548,2,1.0,23,N,1.0,P,0,1.0,NC,-1.0,4,3.0
1549,2,1.0,23,S,2.0,A,0,1.0,NC,-1.0,4,3.0
1550,1,1.0,23,S,2.0,A,0,1.0,NC,-1.0,4,3.0
1551,1,1.0,23,N,1.0,A,0,1.0,NC,-1.0,-1,-1.0
1552,1,1.0,26,N,1.0,P,0,1.0,NC,-1.0,4,3.0
1553,1,1.0,24,N,1.0,P,0,1.0,NC,-1.0,-1,-1.0
1554,1,1.0,23,N,0.0,A,0,1.0,NC,-1.0,-1,-1.0
1555,1,1.0,33,N,1.0,P,10,1.0,NC,-1.0,4,5.0
1556,1,1.0,24,S,1.0,A,0,1.0,NC,1.0,-1,-1.0
1557,1,1.0,23,S,1.0,A,0,1.0,NC,-1.0,-1,-1.0
1558,1,1.0,24,N,1.0,P,0,1.0,NC,-1.0,-1,-1.0
1559,2,1.0,23,S,0.0,A,0,1.0,NC,-1.0,4,5.0
1560,1,1.0,25,N,0.0,A,0,1.0,NC,-1.0,-1,-1.0
1561,1,1.0,24,S,0.0,A,0,1.0,NC,-1.0,4,3.0
1562,2,1.0,25,S,1.0,P,1,1.0,NC,-1.0,-1,-1.0
1563,2,1.0,23,S,1.0,P,0,1.0,NC,-1.0,1,5.0
1564,1,1.0,23,N,1.0,P,0,1.0,NC,-1.0,4,5.0
1565,2,1.0,25,S,1.0,A,1,1.0,NC,-1.0,4,4.0
1566,1,1.0,24,S,2.0,A,0,1.0,NC,-1.0,-1,-1.0
1567,1,1.0,37,N,0.0,A,13,1.0,NC,4.0,1,3.0
1568,1,1.0,26,S,0.0,P,0,1.0,NC,-1.0,4,7.0
1569,2,1.0,29,S,2.0,A,5,1.0,NC,-1.0,-1,-1.0
1570,1,1.0,24,S,0.0,A,0,1.0,NC,-1.0,4,3.0
1571,2,1.0,25,N,1.0,A,2,1.0,NC,1.0,4,3.0
1572,1,1.0,24,N,1.0,P,0,1.0,NC,-1.0,-1,-1.0
1573,2,1.0,24,N,0.0,A,0,1.0,NC,-1.0,-1,-1.0
1574,2,1.0,23,N,1.0,A,0,1.0,NC,-1.0,4,4.0
1575,1,1.0,26,N,2.0,A,1,1.0,NC,-1.0,-1,-1.0
1576,2,1.0,23,S,0.0,P,0,1.0,NC,-1.0,4,3.0
1577,2,1.0,23,N,1.0,A,0,1.0,NC,-1.0,-1,-1.0
1578,1,1.0,23,N,1.0,P,0,1.0,NC,-1.0,-1,1.0
1579,1,1.0,23,S,1.0,A,0,1.0,NC,-1.0,-1,-1.0
1580,1,1.0,24,N,1.0,A,2,1.0,NC,-1.0,-1,-1.0
1581,1,1.0,25,S,2.0,P,1,1.0,NC,-1.0,-1,-1.0
1582,1,1.0,24,N,2.0,P,0,1.0,NC,-1.0,4,4.0
1583,1,1.0,27,N,2.0,P,3,1.0,NC,-1.0,3,5.0
1584,1,1.0,26,N,1.0,P,0,1.0,NC,-1.0,-1,1.0
1585,1,1.0,26,S,2.0,A,0,1.0,NC,1.0,-1,-1.0
1586,2,1.0,38,S,1.0,A,13,1.0,NC,-1.0,4,3.0
1587,1,1.0,24,S,2.0,A,0,1.0,NC,4.0,1,3.0
1588,2,1.0,24,N,1.0,A,0,1.0,NC,1.0,3,7.0
1589,1,1.0,22,S,2.0,A,0,1.0,NC,-1.0,-1,-1.0
1590,1,1.0,23,N,1.0,A,0,1.0,NC,-1.0,4,2.0
1591,2,1.0,26,S,2.0,A,0,1.0,NC,-1.0,-1,-1.0
1592,2,1.0,24,N,1.0,P,0,1.0,NC,-1.0,3,5.0
1593,1,1.0,24,S,1.0,A,0,1.0,NC,-1.0,4,5.0
1594,2,1.0,26,S,0.0,A,1,1.0,NC,-1.0,-1,-1.0
1595,1,1.0,25,N,2.0,P,0,1.0,NC,-1.0,-1,-1.0
1596,1,1.0,24,N,1.0,P,0,1.0,NC,-1.0,-1,-1.0
1597,1,1.0,25,S,1.0,A,2,1.0,NC,-1.0,4,5.0
1598,1,1.0,23,N,1.0,A,0,1.0,NC,-1.0,-1,-1.0
1599,1,1.0,24,S,2.0,A,0,1.0,NC,-1.0,4,5.0
1600,1,1.0,29,S,2.0,P,6,1.0,NC,-1.0,-1,-1.0
1601,2,1.0,24,N,0.0,A,0,1.0,NC,-1.0,-1,-1.0
1602,2,1.0,23,N,2.0,A,0,1.0,NC,-1.0,-1,-1.0
1603,1,1.0,23,N,0.0,P,0,6.0,NC,1.0,4,1.0
1604,1,1.0,26,S,1.0,A,1,1.0,NC,-1.0,-1,-1.0
1605,1,1.0,24,N,1.0,A,0,1.0,NC,1.0,4,3.0
1606,1,1.0,24,S,1.0,P,0,1.0,NC,-1.0,-1,-1.0
1607,1,1.0,24,S,1.0,A,0,1.0,NC,-1.0,-1,-1.0
1608,1,1.0,24,N,1.0,A,0,1.0,NC,-1.0,-1,3.0
1609,2,1.0,24,S,1.0,A,0,1.0,NC,-1.0,-1,1.0
1610,2,1.0,25,S,0.0,A,0,1.0,NC,-1.0,-1,-1.0
1611,2,1.0,27,S,1.0,A,2,1.0,NC,-1.0,-1,-1.0
1612,1,1.0,25,S,1.0,A,0,1.0,NC,-1.0,-1,3.0
1613,1,1.0,23,N,1.0,P,0,1.0,NC,-1.0,-1,-1.0
1614,2,1.0,24,N,0.0,P,2,1.0,NC,-1.0,4,5.0
1615,1,1.0,24,S,0.0,A,1,1.0,NC,-1.0,-1,-1.0
1616,1,1.0,23,S,2.0,A,1,1.0,NC,-1.0,4,3.0
1617,1,1.0,24,S,1.0,A,1,1.0,NC,-1.0,4,5.0
1618,2,1.0,25,S,2.0,A,1,1.0,NC,-1.0,-1,-1.0
1619,1,1.0,26,N,0.0,P,3,1.0,NC,-1.0,-1,-1.0
1620,2,1.0,24,S,0.0,A,1,1.0,NC,2.0,4,3.0
1621,1,1.0,23,S,0.0,P,1,1.0,NC,-1.0,4,5.0
1622,1,1.0,23,S,1.0,A,1,1.0,NC,-1.0,-1,-1.0
1623,1,1.0,24,N,0.0,P,1,1.0,NC,-1.0,1,3.0
1624,1,1.0,23,N,1.0,A,1,1.0,NC,-1.0,-1,-1.0
1625,2,1.0,27,N,2.0,A,4,1.0,NC,1.0,-1,-1.0
1626,1,1.0,27,N,0.0,P,4,1.0,NC,1.0,4,4.0
1627,1,1.0,23,S,1.0,A,1,1.0,NC,-1.0,4,3.0
1628,1,1.0,23,N,0.0,P,1,1.0,NC,-1.0,4,5.0
1629,1,1.0,26,N,1.0,P,2,1.0,NC,-1.0,-1,-1.0
1630,1,1.0,24,N,1.0,A,1,1.0,NC,-1.0,4,3.0
1631,1,1.0,27,S,1.0,P,1,1.0,NC,-1.0,4,5.0
1632,1,1.0,27,N,0.0,P,4,1.0,NC,1.0,4,5.0
1633,1,1.0,24,S,1.0,A,1,1.0,NC,-1.0,-1,-1.0
1634,1,1.0,34,S,0.0,A,1,1.0,NC,-1.0,-1,-1.0
1635,1,1.0,25,S,1.0,A,2,1.0,NC,-1.0,4,5.0
1636,1,1.0,24,S,1.0,A,1,1.0,NC,-1.0,-1,-1.0
1637,1,1.0,23,N,2.0,A,1,1.0,NC,-1.0,-1,-1.0
1638,1,1.0,23,N,1.0,P,1,1.0,NC,-1.0,1,5.0
1639,1,1.0,23,S,1.0,A,1,1.0,NC,-1.0,-1,-1.0
1640,1,1.0,23,S,1.0,A,0,1.0,NC,2.0,1,7.0
1641,1,1.0,25,S,2.0,A,1,1.0,NC,-1.0,-1,7.0
1642,1,1.0,27,S,0.0,A,3,1.0,NC,-1.0,3,3.0
1643,1,1.0,23,N,2.0,P,1,1.0,NC,-1.0,4,4.0
1644,1,1.0,24,N,1.0,A,0,1.0,NC,-1.0,-1,-1.0
1645,2,1.0,23,S,0.0,A,0,1.0,NC,-1.0,-1,-1.0
1646,2,1.0,32,S,0.0,A,8,1.0,NC,-1.0,-1,-1.0
1647,1,1.0,23,S,2.0,A,1,1.0,NC,-1.0,-1,-1.0
1648,1,1.0,23,S,0.0,A,1,1.0,NC,-1.0,3,5.0
1649,2,1.0,23,S,1.0,A,0,1.0,NC,-1.0,-1,7.0
1650,1,1.0,25,S,2.0,A,0,1.0,NC,-1.0,4,5.0
1651,1,1.0,23,S,1.0,A,0,1.0,NC,-1.0,4,4.0
1652,1,1.0,23,N,2.0,A,1,1.0,NC,-1.0,-1,-1.0
1653,1,1.0,24,N,1.0,P,1,1.0,NC,-1.0,4,4.0
1654,1,1.0,23,S,2.0,A,1,1.0,NC,-1.0,4,5.0
1655,1,1.0,27,N,0.0,P,2,1.0,NC,-1.0,-1,-1.0
1656,1,1.0,24,N,2.0,A,1,1.0,NC,-1.0,-1,-1.0
1657,1,1.0,24,S,1.0,A,1,1.0,NC,-1.0,-1,-1.0
1658,1,1.0,23,S,1.0,A,1,1.0,NC,-1.0,4,3.0
1659,2,2.0,34,S,0.0,A,9,1.0,NC,-1.0,-1,-1.0
1660,1,1.0,26,N,2.0,A,2,1.0,NC,-1.0,-1,-1.0
1661,1,1.0,24,S,1.0,A,1,1.0,NC,1.0,-1,-1.0
1662,1,1.0,24,S,2.0,P,0,1.0,NC,1.0,4,3.0
1663,1,1.0,26,S,1.0,A,1,1.0,N,2.0,3,3.0
1664,1,1.0,28,N,1.0,A,4,1.0,NC,-1.0,-1,-1.0
1665,1,1.0,23,S,1.0,P,0,1.0,NC,-1.0,-1,-1.0
1666,2,1.0,26,S,1.0,A,0,1.0,NC,-1.0,4,5.0
1667,2,1.0,26,S,1.0,A,0,1.0,NC,-1.0,-1,-1.0
1668,1,1.0,23,S,1.0,A,0,1.0,NC,-1.0,-1,-1.0
1669,1,1.0,23,N,2.0,A,0,1.0,NC,-1.0,4,2.0
1670,2,1.0,23,S,2.0,P,0,1.0,NC,-1.0,-1,-1.0
1671,2,1.0,24,N,2.0,P,1,1.0,NC,-1.0,-1,-1.0
1672,1,1.0,23,N,1.0,A,0,1.0,NC,-1.0,4,5.0
1673,2,1.0,23,S,0.0,P,0,1.0,NC,-1.0,4,4.0
1674,1,1.0,23,S,2.0,A,1,1.0,NC,-1.0,4,5.0
1675,1,1.0,23,S,1.0,P,1,1.0,NC,-1.0,4,4.0
1676,1,1.0,24,S,1.0,A,1,1.0,NC,-1.0,-1,-1.0
1677,1,1.0,24,S,1.0,A,1,1.0,NC,-1.0,-1,-1.0
1678,2,1.0,24,S,0.0,A,0,1.0,NC,-1.0,-1,-1.0
1679,1,1.0,23,N,2.0,P,1,1.0,NC,-1.0,4,5.0
1680,2,1.0,24,N,1.0,P,0,1.0,NC,-1.0,4,5.0
1681,1,1.0,24,S,0.0,P,1,1.0,NC,-1.0,-1,-1.0
1682,2,1.0,24,S,1.0,A,0,1.0,NC,-1.0,4,3.0
1683,1,1.0,23,S,1.0,A,0,1.0,NC,-1.0,4,2.0
1684,1,1.0,23,S,0.0,A,0,1.0,NC,-1.0,4,4.0
1685,2,1.0,24,S,0.0,A,1,1.0,NC,1.0,4,5.0
1686,1,1.0,25,S,1.0,A,1,2.0,NC,2.0,3,5.0
1687,1,1.0,27,N,1.0,A,3,1.0,NC,-1.0,-1,-1.0
1688,1,2.0,24,S,2.0,P,0,1.0,NC,-1.0,-1,-1.0
1689,1,1.0,23,S,2.0,A,0,1.0,NC,-1.0,-1,-1.0
1690,1,1.0,23,N,0.0,A,0,1.0,NC,1.0,-1,-1.0
1691,1,1.0,25,S,2.0,A,2,1.0,NC,-1.0,-1,-1.0
1692,2,1.0,23,S,0.0,A,1,1.0,NC,2.0,-1,1.0
1693,2,1.0,23,S,2.0,A,1,1.0,NC,-1.0,-1,-1.0
1694,1,1.0,23,S,1.0,A,0,1.0,NC,-1.0,-1,-1.0
1695,1,1.0,33,N,1.0,A,11,1.0,NC,1.0,4,3.0
1696,1,1.0,23,S,0.0,P,9,1.0,NC,-1.0,4,5.0
1697,1,1.0,32,S,1.0,A,10,1.0,NC,1.0,4,3.0
1698,1,1.0,36,S,0.0,A,12,1.0,NC,-1.0,-1,-1.0
1699,1,1.0,23,S,1.0,A,1,1.0,NC,-1.0,4,5.0
1700,1,1.0,25,N,1.0,A,1,1.0,NC,-1.0,-1,-1.0
1701,1,1.0,26,N,1.0,P,3,1.0,N,4.0,4,3.0
1702,1,1.0,24,S,2.0,A,1,1.0,NC,-1.0,4,7.0
1703,1,4.0,26,S,2.0,A,3,1.0,NC,-1.0,-1,-1.0
1704,1,1.0,25,N,2.0,A,1,1.0,NC,-1.0,-1,-1.0
1705,1,1.0,24,N,1.0,A,0,1.0,NC,-1.0,-1,-1.0
1706,1,1.0,23,S,0.0,A,1,1.0,NC,-1.0,-1,-1.0
1707,2,1.0,23,S,0.0,A,0,1.0,NC,-1.0,-1,-1.0
1708,1,1.0,23,N,1.0,A,1,1.0,NC,-1.0,-1,-1.0
1709,2,1.0,23,N,2.0,P,0,1.0,NC,-1.0,1,5.0
1710,1,1.0,24,N,1.0,P,0,1.0,NC,-1.0,-1,-1.0
1711,2,1.0,25,S,1.0,P,1,1.0,NC,-1.0,4,7.0
1712,1,1.0,26,S,2.0,A,4,1.0,NC,-1.0,-1,-1.0
1713,1,1.0,26,S,0.0,P,0,1.0,NC,-1.0,-1,-1.0
1714,1,1.0,24,S,2.0,A,0,1.0,NC,-1.0,-1,-1.0
1715,1,1.0,25,S,2.0,A,0,1.0,NC,-1.0,-1,-1.0
1716,2,1.0,41,S,1.0,A,17,1.0,NC,-1.0,-1,-1.0
1717,1,1.0,24,S,1.0,A,1,1.0,NC,-1.0,4,7.0
1718,1,1.0,24,N,2.0,A,0,1.0,NC,-1.0,-1,-1.0
1719,1,1.0,24,S,0.0,A,1,1.0,NC,-1.0,-1,-1.0
1720,1,1.0,23,N,0.0,A,1,1.0,NC,-1.0,4,7.0
1721,1,1.0,23,S,1.0,A,1,1.0,NC,-1.0,-1,-1.0
1722,1,1.0,23,S,1.0,A,1,1.0,NC,-1.0,-1,-1.0
1723,1,1.0,24,S,1.0,A,1,1.0,NC,-1.0,-1,-1.0
1724,1,1.0,24,N,0.0,P,1,1.0,NC,-1.0,4,5.0
1725,1,1.0,25,N,0.0,A,0,1.0,NC,-1.0,4,5.0
1726,2,1.0,25,S,1.0,A,2,1.0,NC,-1.0,-1,-1.0
1727,2,1.0,25,N,1.0,P,2,1.0,NC,-1.0,-1,5.0
1728,1,1.0,25,S,0.0,A,0,1.0,NC,-1.0,-1,1.0
1729,2,1.0,23,S,2.0,A,1,1.0,NC,-1.0,-1,-1.0
1730,1,1.0,24,S,0.0,A,1,1.0,NC,-1.0,-1,-1.0
1731,2,1.0,25,S,1.0,A,2,1.0,NC,-1.0,-1,-1.0
1732,1,1.0,48,S,2.0,A,22,1.0,NC,-1.0,-1,5.0
1733,2,1.0,23,S,0.0,A,1,1.0,NC,-1.0,-1,-1.0
1734,1,1.0,23,S,1.0,A,0,1.0,NC,-1.0,-1,-1.0
1735,1,1.0,23,S,2.0,A,0,1.0,NC,-1.0,-1,-1.0
1736,1,1.0,24,N,1.0,A,0,1.0,NC,3.0,1,5.0
1737,1,1.0,24,S,1.0,A,1,1.0,NC,-1.0,-1,-1.0
1738,2,1.0,24,S,0.0,A,0,1.0,NC,1.0,-1,-1.0
1739,1,1.0,24,S,0.0,A,0,1.0,NC,-1.0,3,3.0
1740,1,1.0,28,S,1.0,A,4,1.0,NC,-1.0,4,5.0
1741,1,1.0,28,N,2.0,P,4,1.0,NC,1.0,-1,-1.0
1742,1,1.0,32,N,1.0,A,8,1.0,NC,1.0,-1,-1.0
1743,1,1.0,25,S,0.0,A,1,1.0,NC,2.0,4,5.0
1744,1,1.0,23,S,1.0,A,0,1.0,NC,-1.0,4,5.0
1745,1,1.0,23,S,1.0,A,0,1.0,S,2.0,1,5.0
1746,1,1.0,23,S,0.0,A,0,1.0,NC,1.0,4,3.0
1747,2,1.0,23,N,0.0,A,0,1.0,NC,-1.0,-1,-1.0
1748,1,1.0,23,N,1.0,A,0,1.0,NC,1.0,4,5.0
1749,1,1.0,23,S,0.0,A,1,1.0,NC,-1.0,-1,-1.0
1750,1,1.0,25,S,1.0,A,1,1.0,NC,-1.0,1,3.0
1751,1,1.0,23,S,1.0,A,0,1.0,NC,-1.0,-1,-1.0
1752,1,1.0,23,N,2.0,P,0,1.0,NC,-1.0,-1,-1.0
1753,1,1.0,27,N,1.0,A,1,1.0,NC,-1.0,-1,7.0
1754,1,1.0,27,N,0.0,P,1,1.0,NC,-1.0,-1,-1.0
1755,2,1.0,22,N,1.0,A,0,1.0,NC,2.0,1,5.0
1756,2,1.0,23,S,0.0,A,0,1.0,NC,2.0,-1,1.0
1757,2,1.0,23,N,0.0,P,0,1.0,NC,4.0,-1,1.0
1758,1,1.0,25,S,1.0,P,0,1.0,NC,-1.0,4,5.0
1759,1,1.0,28,S,1.0,A,1,1.0,NC,4.0,1,3.0
1760,2,1.0,23,N,1.0,A,1,1.0,NC,-1.0,-1,-1.0
1761,2,1.0,24,N,0.0,A,1,1.0,NC,-1.0,-1,-1.0
1762,1,1.0,24,S,0.0,A,0,1.0,NC,-1.0,-1,-1.0
1763,2,1.0,25,S,0.0,P,1,1.0,S,3.0,1,3.0
1764,2,1.0,25,S,1.0,A,0,1.0,NC,1.0,2,6.0
1765,1,1.0,32,S,1.0,P,8,1.0,NC,2.0,1,5.0
1766,2,1.0,23,N,1.0,P,1,1.0,NC,4.0,1,5.0
1767,1,1.0,24,S,1.0,A,0,1.0,NC,1.0,-1,-1.0
1768,1,1.0,24,S,0.0,A,1,1.0,NC,4.0,3,5.0
1769,1,1.0,24,S,2.0,A,0,1.0,NC,1.0,4,3.0
1770,1,1.0,26,S,0.0,A,1,1.0,N,2.0,3,3.0
1771,1,1.0,23,S,2.0,A,1,1.0,N,3.0,3,7.0
1772,1,1.0,23,N,2.0,P,1,1.0,NC,-1.0,4,5.0
1773,1,1.0,27,N,0.0,A,1,1.0,NC,-1.0,-1,5.0
1774,1,1.0,29,S,0.0,A,2,1.0,NC,-1.0,4,4.0
1775,1,1.0,23,N,1.0,A,1,1.0,NC,-1.0,1,5.0
1776,1,1.0,29,S,0.0,A,5,1.0,NC,-1.0,4,7.0
1777,1,1.0,33,S,1.0,A,8,1.0,NC,-1.0,4,1.0
1778,1,1.0,23,S,1.0,A,0,1.0,NC,-1.0,4,3.0
1779,2,1.0,23,N,0.0,A,0,1.0,NC,-1.0,4,4.0
1780,1,1.0,27,N,1.0,A,3,1.0,NC,-1.0,4,5.0
1781,2,1.0,28,N,1.0,P,2,1.0,NC,-1.0,4,4.0
1782,1,1.0,39,S,2.0,P,17,1.0,NC,-1.0,1,5.0
1783,1,1.0,23,N,1.0,A,1,1.0,NC,-1.0,4,5.0
1784,2,1.0,24,N,2.0,P,1,1.0,NC,4.0,4,5.0
1785,1,1.0,27,N,0.0,P,3,1.0,NC,-1.0,4,5.0
1786,2,1.0,24,S,1.0,A,1,1.0,NC,-1.0,4,5.0
1787,1,1.0,25,S,1.0,A,1,1.0,NC,-1.0,1,5.0
1788,1,1.0,23,N,1.0,P,0,1.0,NC,-1.0,4,4.0
1789,2,1.0,24,N,1.0,P,1,1.0,NC,-1.0,4,3.0
1790,1,1.0,23,S,0.0,A,1,1.0,NC,-1.0,4,3.0
1791,2,1.0,24,S,2.0,A,1,1.0,NC,-1.0,-1,1.0
1792,1,1.0,23,N,2.0,A,0,1.0,NC,1.0,4,3.0
1793,1,1.0,23,S,0.0,P,0,1.0,NC,1.0,-1,-1.0
1794,2,1.0,25,S,1.0,P,1,1.0,NC,2.0,-1,1.0
1795,1,1.0,23,S,2.0,A,0,1.0,NC,1.0,4,5.0
1796,1,1.0,25,N,2.0,A,1,1.0,NC,2.0,-1,7.0
1797,1,1.0,26,N,2.0,A,0,1.0,NC,1.0,4,5.0
1798,1,1.0,24,S,0.0,A,1,1.0,NC,-1.0,4,5.0
1799,1,1.0,25,N,1.0,A,1,1.0,NC,-1.0,4,3.0
1800,1,1.0,24,N,1.0,A,1,1.0,N,2.0,3,5.0
1801,1,1.0,25,S,1.0,A,2,1.0,NC,1.0,3,5.0
1802,1,1.0,22,S,1.0,P,1,1.0,NC,-1.0,4,5.0
1803,1,1.0,24,S,0.0,A,1,1.0,NC,2.0,4,1.0
1804,1,1.0,24,N,1.0,A,1,1.0,NC,-1.0,-1,-1.0
1805,1,1.0,25,S,2.0,A,1,1.0,NC,-1.0,-1,-1.0
1806,1,1.0,24,N,0.0,A,1,1.0,NC,4.0,3,-1.0
1807,1,1.0,27,N,0.0,P,1,1.0,NC,2.0,4,3.0
1808,2,1.0,26,S,1.0,A,3,1.0,NC,1.0,1,5.0
1809,1,1.0,23,S,1.0,A,0,1.0,NC,2.0,3,3.0
1810,1,1.0,26,N,1.0,P,1,1.0,NC,1.0,-1,1.0
1811,1,1.0,23,N,0.0,A,0,1.0,NC,3.0,-1,1.0
1812,2,1.0,24,N,1.0,A,0,1.0,S,1.0,1,5.0
1813,1,1.0,49,S,1.0,P,26,3.0,NC,1.0,4,3.0
1814,1,1.0,25,S,1.0,A,0,1.0,NC,2.0,4,3.0
1815,1,1.0,24,S,2.0,A,1,1.0,NC,-1.0,1,5.0
1816,2,1.0,25,S,2.0,A,1,1.0,NC,-1.0,4,5.0
1817,1,1.0,25,N,1.0,A,1,1.0,NC,-1.0,1,7.0
1818,1,1.0,24,S,1.0,A,0,1.0,NC,1.0,4,3.0
1819,2,1.0,23,N,2.0,P,0,1.0,NC,-1.0,4,3.0
1820,1,1.0,23,N,1.0,A,1,1.0,NC,-1.0,1,3.0
1821,1,1.0,24,S,1.0,A,0,1.0,NC,-1.0,-1,5.0
1822,1,1.0,24,S,0.0,A,0,1.0,NC,-1.0,4,5.0
1823,1,1.0,31,N,2.0,P,4,1.0,NC,-1.0,1,5.0
1824,1,1.0,25,N,1.0,A,1,1.0,NC,-1.0,4,1.0
1825,1,1.0,30,S,2.0,P,6,1.0,NC,-1.0,-1,7.0
1826,1,1.0,24,S,1.0,P,1,1.0,NC,1.0,4,3.0
1827,1,1.0,23,S,1.0,A,0,1.0,NC,-1.0,-1,1.0
1828,1,1.0,23,N,0.0,A,0,1.0,NC,-1.0,4,7.0
1829,1,1.0,24,S,1.0,A,0,1.0,NC,-1.0,4,3.0
1830,1,1.0,24,N,1.0,P,1,1.0,NC,-1.0,4,5.0
1831,1,1.0,24,S,2.0,P,1,1.0,NC,-1.0,4,3.0
1832,1,1.0,25,N,1.0,A,1,1.0,NC,2.0,4,3.0
1833,1,1.0,23,S,2.0,A,1,1.0,NC,-1.0,4,5.0
1834,1,1.0,23,S,1.0,A,0,1.0,NC,-1.0,4,5.0
1835,1,1.0,24,N,0.0,A,0,1.0,NC,-1.0,4,3.0
1836,1,1.0,26,N,2.0,P,3,1.0,NC,-1.0,-1,7.0
1837,1,1.0,24,N,2.0,A,1,1.0,NC,-1.0,4,3.0
1838,1,1.0,25,S,2.0,A,3,1.0,NC,-1.0,-1,1.0
1839,1,1.0,24,S,2.0,A,1,1.0,NC,3.0,4,4.0
1840,1,1.0,25,N,1.0,P,0,1.0,NC,1.0,1,4.0
1841,1,1.0,24,S,1.0,A,0,1.0,NC,3.0,4,2.0
1842,1,1.0,23,S,1.0,A,0,1.0,NC,2.0,1,5.0
1843,1,1.0,24,S,0.0,A,0,1.0,NC,2.0,4,5.0
1844,1,1.0,25,S,2.0,A,0,1.0,NC,1.0,1,5.0
1845,1,1.0,24,S,2.0,A,0,1.0,NC,1.0,1,5.0
1846,2,1.0,24,S,1.0,P,1,1.0,NC,2.0,1,3.0
1847,1,1.0,24,S,1.0,A,1,2.0,N,4.0,4,5.0
1848,1,1.0,26,N,0.0,P,0,1.0,NC,1.0,4,3.0
1849,1,1.0,24,S,0.0,A,0,1.0,NC,-1.0,-1,5.0
1850,1,1.0,24,N,0.0,A,0,1.0,NC,2.0,4,5.0
1851,1,1.0,25,N,0.0,A,0,1.0,NC,-1.0,4,5.0
1852,2,1.0,24,N,2.0,P,1,1.0,NC,1.0,1,5.0
1853,2,2.0,23,S,2.0,A,0,1.0,NC,-1.0,4,5.0
1854,1,1.0,22,S,1.0,P,0,1.0,NC,-1.0,1,5.0
1855,2,1.0,23,N,1.0,P,0,1.0,NC,-1.0,1,5.0
1856,1,1.0,24,S,1.0,A,0,3.0,NC,-1.0,3,4.0
1857,2,1.0,23,S,0.0,A,0,1.0,NC,-1.0,1,5.0
1858,2,1.0,24,S,1.0,A,0,1.0,NC,1.0,4,5.0
1859,2,1.0,25,S,2.0,A,0,1.0,NC,-1.0,4,5.0
1860,1,1.0,25,N,1.0,P,1,1.0,NC,-1.0,4,2.0
1861,1,1.0,24,S,0.0,A,1,5.0,N,3.0,3,3.0
1862,2,1.0,26,N,1.0,P,1,1.0,NC,1.0,4,5.0
1863,2,1.0,25,N,0.0,A,0,1.0,NC,1.0,4,5.0
1864,2,1.0,25,S,1.0,A,1,1.0,NC,1.0,4,5.0
1865,1,1.0,31,N,0.0,P,6,1.0,NC,4.0,-1,-1.0
1866,1,1.0,25,N,1.0,A,1,1.0,NC,2.0,4,5.0
1867,2,1.0,25,N,2.0,P,0,1.0,NC,1.0,4,4.0
1868,2,1.0,24,N,1.0,P,1,1.0,NC,-1.0,4,5.0
1869,2,1.0,26,S,2.0,P,3,1.0,NC,2.0,4,3.0
1870,2,1.0,23,S,0.0,A,1,1.0,NC,-1.0,-1,-1.0
1871,2,1.0,27,N,0.0,A,4,1.0,NC,-1.0,-1,1.0
1872,2,1.0,24,S,2.0,A,0,1.0,NC,-1.0,4,4.0
1873,2,1.0,32,N,2.0,P,1,1.0,NC,-1.0,1,3.0
1874,1,1.0,25,S,1.0,A,0,1.0,NC,-1.0,4,5.0
1875,1,1.0,24,N,1.0,P,1,1.0,NC,-1.0,4,5.0
1876,1,1.0,30,S,1.0,A,0,1.0,NC,-1.0,1,5.0
1878,1,1.0,24,S,1.0,A,0,1.0,NC,2.0,4,5.0
1879,1,1.0,24,N,1.0,A,0,1.0,NC,-1.0,4,5.0
1880,1,1.0,24,S,2.0,A,1,1.0,NC,-1.0,1,5.0
1881,1,1.0,24,N,1.0,P,0,1.0,NC,-1.0,4,4.0
1882,2,1.0,24,N,0.0,A,1,1.0,NC,-1.0,4,5.0
1883,2,1.0,24,N,1.0,A,2,1.0,NC,-1.0,3,3.0
1884,1,1.0,23,N,2.0,P,0,1.0,NC,-1.0,4,5.0
1885,1,1.0,24,N,2.0,A,0,1.0,NC,-1.0,4,3.0
1886,1,1.0,23,S,0.0,A,1,1.0,NC,1.0,4,4.0
1887,2,1.0,27,N,0.0,A,1,1.0,NC,1.0,4,5.0
1888,2,1.0,23,N,2.0,P,1,1.0,NC,-1.0,4,5.0
1889,1,1.0,23,S,1.0,A,1,1.0,NC,1.0,1,3.0
1890,1,1.0,24,S,2.0,A,1,1.0,NC,-1.0,4,3.0
1891,1,1.0,24,N,0.0,A,0,1.0,NC,-1.0,4,3.0
1892,1,1.0,24,N,2.0,P,0,1.0,NC,1.0,4,3.0
1893,2,1.0,23,S,1.0,A,0,1.0,NC,-1.0,-1,3.0
1894,2,1.0,28,N,1.0,P,2,1.0,NC,1.0,1,5.0
1895,2,1.0,25,N,1.0,P,0,1.0,NC,-1.0,1,5.0
1896,2,1.0,25,N,1.0,P,0,1.0,NC,-1.0,4,5.0
1897,1,1.0,23,S,2.0,A,0,1.0,NC,-1.0,1,5.0
1898,1,1.0,24,S,2.0,A,1,1.0,NC,-1.0,4,5.0
1899,1,1.0,30,S,0.0,A,5,1.0,NC,2.0,4,7.0
1900,1,1.0,30,S,0.0,A,0,1.0,NC,-1.0,-1,1.0
1901,1,1.0,24,N,0.0,P,1,1.0,NC,-1.0,-1,1.0
1902,1,1.0,25,N,1.0,A,1,1.0,NC,1.0,4,5.0
1903,1,2.0,24,N,0.0,A,1,1.0,NC,-1.0,1,4.0
1904,2,1.0,25,N,2.0,A,1,1.0,NC,-1.0,3,3.0
1905,2,1.0,23,N,1.0,A,0,1.0,NC,1.0,1,5.0
1906,1,1.0,25,N,1.0,A,1,1.0,NC,-1.0,-1,1.0
1907,2,1.0,27,N,0.0,A,1,1.0,NC,-1.0,-1,-1.0
1908,2,1.0,27,S,1.0,A,3,1.0,NC,-1.0,4,3.0
1909,1,1.0,24,S,1.0,A,0,1.0,NC,-1.0,-1,1.0
1910,1,1.0,24,S,1.0,A,0,1.0,NC,-1.0,4,4.0
1911,1,1.0,23,N,1.0,P,0,1.0,NC,-1.0,1,5.0
1912,1,1.0,23,S,2.0,A,0,1.0,NC,-1.0,4,5.0
1913,1,1.0,24,S,0.0,A,0,1.0,NC,1.0,4,5.0
1914,1,1.0,24,N,2.0,P,0,1.0,NC,-1.0,4,5.0
1915,1,1.0,23,N,1.0,A,0,1.0,NC,-1.0,4,3.0
1916,2,1.0,24,N,1.0,A,0,1.0,NC,1.0,1,3.0
1917,1,1.0,24,N,1.0,A,0,1.0,NC,2.0,1,5.0
1918,1,1.0,26,N,1.0,P,2,1.0,NC,-1.0,4,3.0
1919,2,1.0,26,N,2.0,P,2,1.0,NC,-1.0,1,5.0
1920,2,1.0,24,N,1.0,A,0,1.0,NC,-1.0,-1,4.0
1921,2,1.0,23,S,1.0,A,0,1.0,NC,2.0,4,7.0
1922,2,2.0,25,N,2.0,P,0,1.0,NC,-1.0,-1,-1.0
1923,2,2.0,34,N,1.0,A,10,1.0,NC,1.0,-1,1.0
1924,1,1.0,27,S,0.0,A,2,1.0,NC,4.0,1,5.0
1925,2,1.0,23,S,1.0,A,0,1.0,NC,-1.0,4,5.0
1926,1,1.0,26,S,1.0,A,1,1.0,NC,-1.0,4,5.0
1927,1,2.0,30,N,0.0,A,1,1.0,NC,-1.0,4,3.0
1928,2,1.0,24,S,2.0,A,2,1.0,NC,-1.0,4,7.0
1929,1,1.0,26,N,1.0,A,1,1.0,NC,1.0,4,5.0
1930,1,1.0,27,N,0.0,A,4,1.0,NC,-1.0,1,5.0
1931,2,1.0,25,S,1.0,P,0,1.0,NC,1.0,4,3.0
1932,2,1.0,23,N,2.0,P,1,1.0,NC,-1.0,4,5.0
1933,2,1.0,23,N,2.0,P,0,1.0,NC,-1.0,4,4.0
1934,2,1.0,32,S,1.0,A,10,1.0,NC,-1.0,-1,7.0
1935,1,1.0,23,S,2.0,P,0,1.0,NC,1.0,1,7.0
1936,2,1.0,28,N,1.0,P,4,1.0,NC,-1.0,4,4.0
1937,2,1.0,27,N,1.0,A,4,1.0,NC,2.0,1,5.0
1938,2,1.0,23,N,1.0,P,0,1.0,NC,2.0,4,4.0
1939,2,2.0,27,N,2.0,P,2,1.0,NC,4.0,3,4.0
1940,2,2.0,24,N,1.0,A,0,1.0,NC,-1.0,1,5.0
1941,2,1.0,27,S,1.0,A,2,1.0,NC,-1.0,4,5.0
1942,1,1.0,23,S,1.0,A,0,1.0,NC,-1.0,-1,5.0
1943,2,1.0,23,S,1.0,A,0,1.0,NC,-1.0,4,3.0
1944,1,1.0,24,S,2.0,P,1,1.0,NC,1.0,4,5.0
1945,1,1.0,24,S,0.0,A,1,1.0,NC,1.0,4,5.0
1946,1,1.0,25,N,1.0,P,0,1.0,NC,2.0,4,3.0
1947,1,1.0,24,S,1.0,A,0,1.0,NC,-1.0,-1,3.0
1948,1,1.0,25,N,1.0,P,1,1.0,NC,1.0,4,3.0
1949,1,1.0,30,N,0.0,P,0,3.0,NC,-1.0,-1,7.0
1950,1,1.0,26,S,0.0,A,0,1.0,NC,1.0,4,5.0
1951,1,1.0,23,S,2.0,A,1,1.0,NC,-1.0,3,4.0
1952,1,1.0,27,N,2.0,A,3,1.0,NC,1.0,4,5.0
1953,1,1.0,25,S,1.0,A,0,1.0,NC,-1.0,1,5.0
1954,1,1.0,24,S,1.0,A,0,1.0,NC,-1.0,4,5.0
1955,1,2.0,24,S,1.0,A,1,1.0,NC,1.0,1,5.0
1956,1,1.0,26,S,2.0,A,0,1.0,NC,-1.0,4,3.0
1957,1,1.0,48,N,0.0,P,22,1.0,NC,-1.0,4,5.0
1958,1,1.0,25,S,1.0,P,2,1.0,NC,-1.0,-1,3.0
1959,1,1.0,24,N,2.0,P,1,1.0,NC,1.0,4,3.0
1960,2,1.0,24,S,0.0,A,0,1.0,NC,1.0,4,5.0
1961,1,1.0,25,N,2.0,P,2,1.0,NC,-1.0,3,4.0
1962,1,1.0,25,N,0.0,P,2,1.0,NC,-1.0,4,5.0
1963,2,1.0,29,N,1.0,A,0,1.0,N,4.0,3,5.0
1964,1,1.0,25,S,2.0,A,1,1.0,NC,-1.0,4,3.0
1965,1,1.0,40,S,1.0,P,13,1.0,NC,-1.0,4,3.0
1966,1,1.0,24,N,0.0,A,1,1.0,NC,-1.0,4,3.0
1967,2,1.0,23,N,1.0,P,1,1.0,NC,-1.0,1,5.0
1968,1,1.0,23,N,0.0,A,1,1.0,NC,-1.0,4,5.0
1969,1,1.0,24,S,1.0,A,1,1.0,NC,-1.0,4,5.0
1970,1,1.0,23,S,0.0,A,0,1.0,NC,3.0,1,2.0
1971,1,1.0,23,N,1.0,A,0,1.0,NC,1.0,-1,3.0
1972,2,1.0,23,S,0.0,A,0,1.0,NC,-1.0,-1,-1.0
1973,1,1.0,23,S,0.0,A,1,1.0,NC,2.0,4,5.0
1974,2,2.0,33,N,1.0,P,0,1.0,NC,1.0,-1,-1.0
1975,1,1.0,24,S,1.0,A,1,1.0,NC,-1.0,1,3.0
1976,2,1.0,24,S,1.0,A,0,1.0,NC,-1.0,4,5.0
1977,2,1.0,24,N,2.0,P,0,1.0,N,4.0,-1,5.0
1978,1,1.0,24,S,1.0,P,0,1.0,NC,2.0,4,1.0
1979,2,1.0,24,S,1.0,A,0,1.0,NC,-1.0,-1,-1.0
1980,1,1.0,26,S,2.0,P,2,1.0,NC,-1.0,4,5.0
1981,1,1.0,24,S,0.0,P,0,1.0,NC,-1.0,-1,4.0
1982,2,1.0,25,S,1.0,A,1,1.0,NC,2.0,4,5.0
1983,1,1.0,23,S,1.0,P,1,1.0,NC,2.0,1,3.0
1984,1,1.0,23,S,1.0,A,1,1.0,NC,1.0,4,5.0
1985,1,1.0,23,S,0.0,A,1,1.0,NC,1.0,4,5.0
1986,1,2.0,23,N,2.0,A,1,1.0,NC,1.0,4,5.0
1987,1,1.0,24,N,1.0,A,1,1.0,NC,2.0,1,5.0
1988,1,1.0,23,N,1.0,P,1,1.0,NC,2.0,3,5.0
1989,1,1.0,30,N,0.0,A,6,1.0,NC,1.0,4,5.0
1990,1,1.0,24,S,0.0,A,0,1.0,NC,2.0,3,5.0
1991,1,1.0,30,N,1.0,A,0,2.0,NC,1.0,3,3.0
1992,1,1.0,30,S,1.0,A,0,1.0,NC,-1.0,-1,-1.0
1993,1,1.0,34,S,2.0,A,1,1.0,NC,1.0,-1,-1.0
1994,1,1.0,34,N,0.0,A,0,1.0,NC,-1.0,-1,-1.0
1995,1,1.0,23,S,1.0,A,1,1.0,NC,-1.0,-1,-1.0
1996,1,1.0,24,S,2.0,A,0,1.0,NC,-1.0,-1,1.0
1997,2,1.0,23,S,0.0,P,0,1.0,N,4.0,3,5.0
1998,1,1.0,24,S,2.0,P,0,1.0,NC,1.0,4,3.0
1999,1,1.0,26,S,1.0,P,1,1.0,NC,-1.0,1,5.0
2000,2,1.0,33,N,1.0,P,10,1.0,NC,3.0,1,7.0
2001,1,1.0,23,N,1.0,A,1,1.0,NC,2.0,2,5.0
2002,1,1.0,25,N,0.0,A,1,1.0,NC,1.0,3,5.0
2003,2,1.0,24,N,0.0,P,2,1.0,NC,2.0,-1,1.0
2004,2,1.0,25,N,2.0,A,0,1.0,NC,-1.0,4,3.0
2005,2,1.0,25,N,2.0,P,0,1.0,NC,1.0,-1,4.0
2006,2,1.0,24,N,1.0,P,1,1.0,NC,1.0,1,3.0
2007,1,1.0,32,N,0.0,P,0,1.0,NC,1.0,4,1.0
2008,1,1.0,37,S,1.0,A,12,1.0,NC,-1.0,4,5.0
2009,2,1.0,23,N,1.0,P,0,3.0,NC,1.0,3,7.0
2010,1,1.0,26,N,0.0,A,0,1.0,NC,1.0,4,3.0
2011,1,1.0,24,N,1.0,A,0,1.0,NC,-1.0,4,5.0
2012,1,1.0,25,S,0.0,A,0,2.0,NC,4.0,1,1.0
2013,2,1.0,33,S,0.0,P,1,1.0,NC,1.0,1,5.0
2014,1,1.0,26,S,1.0,A,3,3.0,NC,-1.0,1,5.0
2015,1,1.0,23,S,0.0,A,0,2.0,NC,-1.0,4,5.0
2016,1,1.0,23,N,1.0,P,0,1.0,NC,1.0,4,5.0
2017,1,1.0,24,N,1.0,P,0,1.0,NC,-1.0,4,3.0
2018,1,1.0,24,N,0.0,A,1,1.0,NC,1.0,4,5.0
2019,1,1.0,24,N,1.0,P,1,1.0,NC,1.0,1,5.0
2020,1,1.0,25,S,1.0,P,1,1.0,NC,-1.0,4,5.0
2021,1,1.0,23,S,2.0,A,0,1.0,NC,-1.0,4,4.0
2022,1,1.0,24,N,1.0,P,0,1.0,NC,-1.0,4,3.0
2023,1,1.0,24,S,1.0,A,0,1.0,NC,-1.0,4,5.0
2024,1,1.0,24,N,0.0,P,0,1.0,NC,-1.0,4,3.0
2025,1,1.0,24,N,0.0,P,0,1.0,NC,2.0,4,3.0
2026,2,1.0,23,N,1.0,P,0,1.0,NC,-1.0,-1,5.0
2027,1,1.0,23,N,1.0,P,0,1.0,NC,3.0,1,3.0
2028,1,1.0,25,S,1.0,P,0,1.0,NC,2.0,4,5.0
2029,1,1.0,23,N,1.0,A,1,1.0,NC,-1.0,4,5.0
2030,1,1.0,23,S,0.0,A,0,1.0,NC,2.0,1,5.0
2031,2,1.0,23,N,2.0,A,0,1.0,NC,-1.0,1,4.0
2032,2,1.0,23,N,0.0,P,0,1.0,NC,2.0,1,5.0
2033,1,1.0,24,S,1.0,P,1,1.0,NC,1.0,4,4.0
2034,1,1.0,23,N,1.0,P,0,1.0,NC,2.0,4,5.0
2035,2,1.0,23,S,1.0,A,0,1.0,NC,1.0,1,4.0
2036,1,1.0,23,S,1.0,A,0,1.0,NC,1.0,1,3.0
2037,2,1.0,23,S,2.0,A,0,1.0,NC,3.0,4,2.0
2038,1,1.0,34,N,0.0,P,0,1.0,NC,3.0,4,5.0
2039,1,1.0,23,S,1.0,A,0,1.0,NC,1.0,4,4.0
2040,2,1.0,26,S,0.0,A,1,1.0,NC,1.0,1,7.0
2041,1,1.0,23,S,1.0,A,0,1.0,NC,-1.0,4,3.0
2042,2,1.0,24,N,1.0,A,0,1.0,NC,2.0,4,4.0
2043,1,1.0,23,S,1.0,P,1,1.0,N,4.0,3,5.0
2044,1,1.0,27,N,2.0,P,3,1.0,NC,1.0,1,5.0
2045,1,1.0,23,N,0.0,P,1,3.0,NC,-1.0,3,5.0
2046,2,1.0,27,S,1.0,A,0,1.0,NC,1.0,4,5.0
2047,1,1.0,25,S,1.0,A,2,1.0,NC,4.0,4,3.0
2048,1,2.0,24,S,0.0,A,0,1.0,NC,1.0,4,4.0
2049,1,1.0,25,S,1.0,A,1,1.0,S,4.0,1,5.0
2050,1,1.0,23,S,2.0,A,0,1.0,NC,-1.0,-1,1.0
2051,2,1.0,23,S,1.0,A,1,1.0,NC,1.0,4,5.0
2052,1,1.0,27,S,1.0,A,3,1.0,NC,1.0,1,5.0
2053,2,1.0,27,S,0.0,A,2,1.0,NC,-1.0,1,5.0
2054,2,1.0,23,N,2.0,A,1,1.0,NC,1.0,4,2.0
2055,1,1.0,23,S,2.0,A,0,1.0,NC,-1.0,-1,7.0
2056,1,1.0,23,S,1.0,A,0,1.0,NC,1.0,1,5.0
2057,1,1.0,25,N,0.0,P,0,1.0,NC,-1.0,4,4.0
2058,1,1.0,24,S,0.0,A,1,1.0,NC,4.0,4,5.0
2059,2,1.0,23,S,1.0,A,0,1.0,NC,2.0,1,3.0
2060,1,1.0,23,N,2.0,P,0,1.0,NC,1.0,4,5.0
2061,1,1.0,24,S,1.0,A,0,1.0,NC,-1.0,4,5.0
2062,1,1.0,24,S,0.0,A,1,1.0,NC,1.0,4,3.0
2063,2,1.0,23,S,1.0,P,0,1.0,NC,-1.0,4,3.0
2064,1,1.0,24,S,1.0,A,0,1.0,NC,1.0,4,4.0
2065,1,1.0,24,S,1.0,A,0,1.0,NC,-1.0,4,5.0
2066,1,1.0,24,S,1.0,A,1,1.0,NC,1.0,4,5.0
2067,1,1.0,23,S,1.0,P,0,1.0,NC,1.0,1,3.0
2068,2,1.0,24,N,0.0,A,1,1.0,NC,2.0,1,5.0
2069,1,1.0,23,S,0.0,A,0,1.0,NC,1.0,4,5.0
2070,1,1.0,25,S,1.0,A,0,1.0,NC,-1.0,-1,1.0
2071,1,1.0,23,N,2.0,A,1,1.0,NC,2.0,3,5.0
2072,2,1.0,23,S,1.0,P,0,1.0,NC,2.0,4,5.0
2073,1,1.0,23,S,2.0,P,0,1.0,NC,1.0,4,7.0
2074,1,1.0,25,N,0.0,P,0,1.0,NC,-1.0,1,4.0
2075,2,1.0,22,S,1.0,A,0,1.0,NC,-1.0,4,4.0
2076,1,1.0,23,S,2.0,P,0,1.0,NC,1.0,4,3.0
2077,1,1.0,24,S,1.0,A,0,1.0,NC,-1.0,4,3.0
2078,2,1.0,24,N,1.0,P,0,1.0,NC,1.0,1,5.0
2079,1,1.0,30,N,1.0,P,0,1.0,N,4.0,3,5.0
2081,1,1.0,23,S,2.0,A,0,1.0,NC,-1.0,4,7.0
2082,1,1.0,24,N,0.0,P,1,1.0,NC,4.0,1,5.0
2083,2,1.0,24,S,1.0,A,0,1.0,NC,3.0,4,5.0
2084,2,1.0,23,N,2.0,P,0,1.0,NC,1.0,4,5.0
2085,1,1.0,25,S,0.0,A,2,1.0,NC,3.0,1,5.0
2086,2,1.0,25,N,1.0,P,2,1.0,NC,-1.0,3,5.0
2087,2,1.0,24,N,0.0,P,0,1.0,NC,-1.0,1,5.0
2088,1,1.0,23,S,1.0,A,0,1.0,NC,-1.0,4,5.0
2089,1,1.0,23,N,0.0,P,0,1.0,NC,2.0,4,5.0
2090,1,1.0,24,N,2.0,P,0,1.0,NC,-1.0,4,5.0
2091,1,1.0,24,S,0.0,P,1,1.0,NC,4.0,4,1.0
2092,1,1.0,23,S,1.0,A,0,1.0,NC,-1.0,4,5.0
2093,1,1.0,24,S,0.0,A,0,1.0,NC,-1.0,4,5.0
2094,1,1.0,24,S,0.0,A,0,2.0,NC,1.0,-1,5.0
2095,1,1.0,24,N,0.0,A,0,1.0,NC,2.0,1,7.0
2096,1,3.0,24,N,2.0,P,0,3.0,NC,-1.0,4,5.0
2097,2,1.0,23,N,0.0,A,0,1.0,NC,-1.0,-1,7.0
2098,1,1.0,24,S,1.0,A,0,1.0,NC,-1.0,4,5.0
2099,1,1.0,24,S,1.0,A,0,1.0,N,2.0,1,3.0
2100,2,1.0,30,N,1.0,A,5,1.0,NC,3.0,3,3.0
2101,2,1.0,23,N,1.0,P,0,1.0,NC,-1.0,-1,1.0
2102,1,1.0,23,S,2.0,A,0,1.0,NC,3.0,4,5.0
2103,1,1.0,24,N,2.0,P,0,1.0,NC,-1.0,4,3.0
2104,2,1.0,24,N,2.0,A,1,1.0,NC,1.0,1,5.0
2105,1,1.0,24,N,1.0,P,0,1.0,NC,2.0,1,5.0
2106,1,1.0,24,S,0.0,P,0,1.0,NC,1.0,4,5.0
2107,1,1.0,24,S,2.0,A,0,1.0,NC,-1.0,4,5.0
2108,2,1.0,24,S,2.0,P,0,1.0,NC,1.0,4,1.0
2109,1,1.0,23,S,1.0,A,0,1.0,NC,1.0,1,3.0
2110,2,1.0,24,N,1.0,A,1,1.0,NC,3.0,4,5.0
2111,2,1.0,23,S,0.0,A,0,1.0,N,4.0,3,5.0
2112,1,1.0,24,S,1.0,A,0,1.0,NC,2.0,1,5.0
2113,1,1.0,23,N,1.0,P,0,1.0,NC,-1.0,4,7.0
2114,2,1.0,24,S,1.0,P,0,1.0,NC,1.0,1,5.0
2115,1,1.0,24,S,1.0,P,0,1.0,NC,1.0,-1,1.0
2116,2,1.0,24,S,2.0,A,0,1.0,NC,-1.0,-1,1.0
2117,1,1.0,24,N,1.0,P,1,1.0,NC,1.0,4,3.0
2118,2,1.0,23,N,0.0,A,0,1.0,NC,2.0,4,3.0
2119,1,1.0,23,S,1.0,A,0,1.0,NC,2.0,-1,1.0
2120,2,1.0,23,S,1.0,P,1,1.0,NC,-1.0,1,2.0
2121,1,1.0,23,S,0.0,A,1,1.0,NC,1.0,4,5.0
2122,2,1.0,23,N,1.0,P,0,1.0,NC,4.0,-1,-1.0
2123,1,1.0,26,N,1.0,P,1,1.0,NC,1.0,1,5.0
2124,2,1.0,23,N,1.0,P,0,1.0,NC,2.0,4,5.0
2125,2,1.0,25,S,2.0,A,1,1.0,NC,1.0,4,5.0
2126,2,1.0,24,S,0.0,P,0,1.0,NC,2.0,4,5.0
2127,2,1.0,24,S,1.0,P,2,1.0,NC,2.0,-1,1.0
2128,1,1.0,23,N,0.0,P,0,1.0,S,2.0,1,5.0
2129,2,1.0,24,S,2.0,P,0,1.0,S,2.0,1,3.0
2130,2,1.0,27,S,1.0,A,2,1.0,NC,3.0,-1,1.0
2131,2,1.0,23,S,0.0,A,0,1.0,NC,3.0,1,5.0
2132,1,1.0,23,S,1.0,P,1,1.0,NC,-1.0,-1,-1.0
2133,2,1.0,23,N,0.0,A,0,1.0,NC,-1.0,3,3.0
2134,2,1.0,23,N,0.0,P,1,1.0,NC,-1.0,4,5.0
2135,2,1.0,32,N,0.0,A,8,1.0,NC,-1.0,4,4.0
2136,1,1.0,27,S,1.0,A,5,1.0,NC,-1.0,-1,-1.0
2137,1,1.0,35,S,0.0,A,1,1.0,NC,-1.0,-1,1.0
2138,2,1.0,43,N,1.0,A,1,1.0,NC,2.0,4,5.0
2139,1,1.0,38,S,2.0,A,1,1.0,NC,-1.0,-1,1.0
2140,1,1.0,42,S,1.0,A,0,1.0,NC,-1.0,-1,1.0
2141,1,1.0,36,N,0.0,A,1,1.0,NC,-1.0,-1,-1.0
2142,2,2.0,30,S,2.0,A,0,1.0,NC,-1.0,-1,-1.0
2143,1,1.0,37,N,1.0,A,1,1.0,NC,2.0,4,5.0
2144,1,1.0,32,S,0.0,A,1,1.0,NC,1.0,1,5.0
2145,1,1.0,31,S,2.0,P,0,1.0,NC,1.0,1,2.0
2146,1,1.0,32,S,0.0,A,1,1.0,N,4.0,3,5.0
2147,2,1.0,23,S,0.0,A,0,1.0,NC,-1.0,1,5.0
2148,1,1.0,24,S,0.0,A,0,1.0,NC,4.0,3,4.0
2149,1,1.0,23,N,1.0,A,0,1.0,NC,-1.0,4,4.0
2150,1,1.0,24,N,2.0,A,1,1.0,NC,-1.0,-1,-1.0
2151,1,1.0,30,N,1.0,P,1,1.0,NC,1.0,4,5.0
2152,2,1.0,30,S,0.0,A,1,1.0,S,2.0,2,5.0
2153,1,2.0,23,S,0.0,A,0,1.0,NC,-1.0,4,5.0
2154,1,1.0,23,N,2.0,A,0,1.0,NC,-1.0,4,5.0
2155,1,1.0,25,S,1.0,A,1,1.0,NC,-1.0,3,5.0
2156,2,1.0,24,N,0.0,A,0,1.0,NC,4.0,1,4.0
2157,2,1.0,23,N,1.0,A,0,1.0,NC,-1.0,-1,1.0
2158,2,1.0,24,S,2.0,P,1,1.0,NC,1.0,1,5.0
2159,1,1.0,24,S,2.0,A,0,1.0,NC,4.0,-1,1.0
2160,2,2.0,24,N,0.0,P,1,1.0,NC,-1.0,-1,-1.0
2161,1,1.0,26,S,0.0,A,1,1.0,NC,2.0,3,4.0
2162,1,1.0,23,S,1.0,P,0,1.0,NC,-1.0,-1,-1.0
2163,1,1.0,24,S,1.0,A,0,1.0,NC,-1.0,-1,-1.0
2164,2,1.0,24,N,2.0,P,0,1.0,NC,-1.0,-1,1.0
2165,2,1.0,23,S,1.0,A,0,1.0,NC,-1.0,-1,1.0
2166,1,1.0,24,S,1.0,P,1,1.0,NC,-1.0,-1,-1.0
2167,2,2.0,24,N,0.0,A,0,1.0,NC,-1.0,-1,-1.0
2168,2,1.0,23,N,1.0,A,0,1.0,NC,-1.0,-1,-1.0
2169,1,1.0,33,N,0.0,A,1,1.0,NC,-1.0,-1,-1.0
2170,2,1.0,35,N,0.0,A,6,1.0,NC,-1.0,-1,-1.0
2171,2,1.0,35,N,0.0,A,1,1.0,NC,-1.0,-1,7.0
2172,2,1.0,34,N,0.0,A,1,1.0,NC,-1.0,-1,-1.0
2173,1,1.0,38,N,1.0,P,1,1.0,NC,-1.0,-1,-1.0
2174,2,1.0,33,S,1.0,A,1,1.0,NC,-1.0,-1,-1.0
2175,1,1.0,38,N,0.0,A,1,1.0,NC,-1.0,-1,1.0
2176,1,1.0,33,N,2.0,P,1,1.0,NC,-1.0,-1,-1.0
2177,1,1.0,34,S,0.0,A,1,1.0,NC,-1.0,-1,1.0
2178,1,1.0,33,N,1.0,A,0,1.0,NC,-1.0,-1,-1.0
2179,1,1.0,34,N,1.0,P,0,1.0,NC,-1.0,-1,1.0
2180,2,1.0,34,N,2.0,A,0,1.0,NC,-1.0,-1,-1.0
2181,1,1.0,42,N,0.0,A,0,1.0,NC,-1.0,-1,-1.0
2182,1,1.0,33,N,0.0,A,0,1.0,NC,-1.0,4,5.0
2183,1,1.0,32,N,2.0,P,0,1.0,NC,-1.0,-1,-1.0
2184,1,1.0,32,N,1.0,P,0,1.0,NC,-1.0,-1,-1.0
2185,2,1.0,32,N,2.0,P,0,1.0,NC,-1.0,-1,7.0
2186,1,1.0,32,N,0.0,P,0,1.0,NC,-1.0,-1,-1.0
2187,1,1.0,32,S,0.0,A,0,1.0,NC,-1.0,-1,-1.0
2188,1,1.0,32,S,0.0,A,1,1.0,NC,-1.0,-1,-1.0
2189,1,1.0,32,N,2.0,P,1,1.0,NC,-1.0,-1,7.0
2190,1,1.0,35,N,1.0,P,1,1.0,NC,-1.0,-1,7.0
2191,1,1.0,35,S,2.0,A,1,1.0,NC,-1.0,-1,7.0
2192,1,1.0,35,N,0.0,A,1,1.0,NC,-1.0,-1,-1.0
2193,1,1.0,42,S,1.0,P,1,1.0,NC,-1.0,-1,-1.0
2194,2,1.0,35,S,1.0,A,1,1.0,NC,-1.0,-1,7.0
2195,2,1.0,33,S,1.0,A,1,1.0,NC,-1.0,-1,-1.0
2196,1,1.0,35,N,2.0,P,1,1.0,NC,-1.0,-1,-1.0
2197,2,1.0,34,S,2.0,A,1,1.0,NC,-1.0,-1,7.0
2198,1,1.0,33,S,1.0,P,1,1.0,NC,-1.0,-1,7.0
2199,1,1.0,33,N,1.0,P,1,1.0,NC,-1.0,-1,7.0
2200,1,1.0,35,S,1.0,A,1,1.0,NC,-1.0,-1,-1.0
2201,1,1.0,33,S,2.0,A,1,1.0,NC,-1.0,-1,-1.0
2202,1,1.0,38,N,1.0,P,1,1.0,NC,-1.0,-1,-1.0
2203,1,1.0,35,S,2.0,A,1,1.0,NC,-1.0,-1,1.0
2204,1,1.0,35,N,1.0,P,6,1.0,NC,-1.0,-1,-1.0
2205,2,1.0,34,N,2.0,A,1,1.0,NC,-1.0,-1,-1.0
2206,1,1.0,36,N,0.0,P,1,1.0,NC,-1.0,-1,1.0
2207,2,1.0,33,S,1.0,A,1,1.0,NC,-1.0,-1,-1.0
2208,1,1.0,32,S,1.0,A,0,1.0,NC,-1.0,-1,-1.0
2209,1,1.0,42,S,1.0,A,1,1.0,NC,-1.0,4,5.0
2210,2,1.0,33,N,2.0,P,1,1.0,NC,-1.0,-1,-1.0
2211,1,1.0,32,S,2.0,P,1,1.0,NC,-1.0,-1,-1.0
2212,2,1.0,31,S,2.0,A,0,1.0,NC,-1.0,-1,-1.0
2213,2,1.0,32,S,1.0,A,0,1.0,NC,-1.0,1,2.0
2214,1,1.0,32,S,1.0,A,1,1.0,NC,-1.0,-1,-1.0
2215,1,1.0,32,S,1.0,P,0,1.0,NC,-1.0,-1,-1.0
2216,1,1.0,33,S,1.0,A,1,1.0,NC,-1.0,4,7.0
2217,1,1.0,33,S,1.0,A,1,1.0,NC,-1.0,-1,-1.0
2218,1,1.0,35,S,0.0,A,1,1.0,NC,-1.0,4,3.0
2219,1,1.0,33,S,0.0,A,1,1.0,NC,-1.0,-1,-1.0
2220,1,1.0,34,S,0.0,A,1,1.0,NC,-1.0,-1,-1.0
2221,2,1.0,35,S,0.0,A,1,1.0,NC,-1.0,-1,1.0
2222,1,1.0,33,S,0.0,A,1,1.0,NC,-1.0,-1,-1.0
2223,1,1.0,34,N,2.0,A,0,1.0,NC,-1.0,-1,1.0
2224,2,1.0,33,N,1.0,P,1,1.0,NC,-1.0,-1,1.0
2225,1,1.0,32,N,2.0,P,0,1.0,NC,-1.0,-1,-1.0
2226,2,1.0,32,S,2.0,A,0,1.0,NC,-1.0,-1,-1.0
2227,1,1.0,42,N,1.0,P,1,1.0,NC,-1.0,-1,1.0
2228,2,1.0,38,S,1.0,A,1,1.0,NC,-1.0,-1,-1.0
2229,1,1.0,38,S,1.0,A,1,1.0,NC,-1.0,-1,-1.0
2230,2,1.0,32,S,1.0,A,0,1.0,NC,-1.0,1,5.0
2231,1,1.0,32,N,1.0,P,0,1.0,NC,-1.0,-1,-1.0
2232,1,1.0,34,N,2.0,A,1,1.0,NC,-1.0,-1,-1.0
2233,1,1.0,34,N,0.0,P,1,1.0,NC,-1.0,4,3.0
2234,1,1.0,32,N,1.0,A,1,1.0,NC,-1.0,-1,7.0
2235,2,1.0,30,N,0.0,A,0,1.0,NC,2.0,1,5.0
2236,1,1.0,33,S,2.0,A,2,1.0,NC,-1.0,-1,-1.0
2237,1,1.0,31,N,1.0,P,0,1.0,NC,-1.0,-1,-1.0
2238,2,1.0,31,N,1.0,A,0,1.0,NC,-1.0,4,5.0
2239,2,1.0,31,S,0.0,A,0,1.0,NC,-1.0,1,7.0
2240,1,1.0,35,N,2.0,P,5,1.0,NC,-1.0,-1,1.0
2241,2,1.0,32,S,1.0,A,1,1.0,N,2.0,-1,5.0
2242,1,1.0,34,S,1.0,A,1,2.0,NC,4.0,3,5.0
2243,1,1.0,33,S,2.0,A,1,1.0,NC,-1.0,-1,-1.0
2244,1,1.0,33,S,2.0,A,1,1.0,NC,-1.0,-1,-1.0
2245,2,1.0,32,N,1.0,A,0,1.0,NC,-1.0,-1,1.0
2246,1,1.0,32,S,0.0,A,1,1.0,NC,-1.0,-1,1.0
2247,1,1.0,35,S,2.0,P,1,1.0,NC,-1.0,-1,-1.0
2248,1,1.0,39,N,1.0,P,10,1.0,NC,-1.0,-1,-1.0
2249,1,1.0,32,N,1.0,P,1,1.0,NC,-1.0,-1,-1.0
2250,1,1.0,32,N,1.0,P,0,1.0,NC,4.0,1,3.0
2251,1,1.0,35,S,1.0,A,1,1.0,NC,-1.0,3,5.0
2252,2,1.0,32,N,0.0,A,0,1.0,NC,-1.0,1,7.0
2253,1,1.0,35,S,1.0,A,5,1.0,NC,-1.0,-1,-1.0
2254,1,1.0,35,N,1.0,A,5,1.0,N,1.0,-1,5.0
2255,2,1.0,33,N,0.0,A,1,1.0,NC,-1.0,-1,-1.0
2256,1,1.0,34,S,1.0,A,0,1.0,NC,4.0,-1,-1.0
2257,1,1.0,38,S,1.0,A,1,1.0,NC,-1.0,-1,-1.0
2258,1,1.0,32,S,2.0,A,0,1.0,NC,4.0,1,5.0
2259,1,1.0,31,S,2.0,P,0,1.0,NC,-1.0,-1,-1.0
2260,1,1.0,32,N,2.0,P,0,1.0,NC,-1.0,-1,-1.0
2261,1,1.0,33,N,1.0,A,0,1.0,NC,-1.0,1,3.0
2262,2,1.0,34,N,2.0,P,1,1.0,NC,-1.0,-1,-1.0
2263,1,1.0,42,N,2.0,A,0,1.0,NC,-1.0,-1,-1.0
2264,1,1.0,33,S,1.0,A,1,1.0,NC,-1.0,3,3.0
2265,1,1.0,34,N,2.0,A,1,1.0,NC,-1.0,-1,1.0
2266,1,1.0,33,S,0.0,P,1,1.0,N,2.0,3,5.0
2267,1,1.0,36,S,1.0,P,1,1.0,NC,-1.0,-1,-1.0
2268,2,1.0,33,N,0.0,P,1,1.0,NC,-1.0,-1,-1.0
2269,1,1.0,34,N,0.0,A,4,1.0,NC,-1.0,-1,1.0
2270,1,1.0,34,N,1.0,P,0,1.0,NC,-1.0,-1,1.0
2271,1,1.0,39,S,2.0,P,0,1.0,NC,-1.0,-1,-1.0
2272,1,1.0,35,S,0.0,A,1,1.0,NC,-1.0,-1,-1.0
2273,2,1.0,34,N,0.0,P,1,1.0,NC,-1.0,-1,-1.0
2274,1,1.0,34,S,0.0,A,1,1.0,NC,-1.0,-1,-1.0
2275,1,1.0,31,N,2.0,P,0,1.0,NC,-1.0,-1,7.0
2276,2,1.0,43,N,1.0,P,1,1.0,NC,-1.0,-1,-1.0
2277,2,1.0,29,S,2.0,P,1,1.0,NC,-1.0,-1,-1.0
2278,1,1.0,31,S,1.0,A,2,1.0,NC,-1.0,-1,-1.0
2279,2,1.0,30,N,0.0,A,2,1.0,NC,-1.0,-1,7.0
2280,1,1.0,31,N,1.0,A,2,1.0,NC,-1.0,-1,-1.0
2281,2,1.0,30,S,2.0,A,1,1.0,NC,-1.0,1,5.0
2282,1,1.0,30,N,2.0,A,1,1.0,NC,-1.0,-1,-1.0
2283,2,1.0,42,N,2.0,A,0,1.0,NC,-1.0,-1,-1.0
2284,1,1.0,29,S,0.0,A,1,1.0,NC,-1.0,-1,-1.0
2285,2,1.0,29,N,1.0,A,1,1.0,NC,-1.0,-1,-1.0
2286,1,1.0,31,S,1.0,A,2,1.0,NC,-1.0,4,7.0
2287,1,1.0,31,S,0.0,A,1,1.0,NC,-1.0,-1,-1.0
2288,2,2.0,29,N,0.0,A,1,1.0,NC,-1.0,3,3.0
2289,1,1.0,30,N,1.0,P,1,1.0,NC,-1.0,-1,-1.0
2290,2,1.0,30,N,2.0,P,1,1.0,NC,-1.0,-1,-1.0
2291,1,1.0,30,S,0.0,A,1,1.0,NC,-1.0,-1,1.0
2292,1,1.0,29,N,0.0,P,1,1.0,NC,-1.0,-1,-1.0
